sample_id	chrom	start	end	cn_a	cn_b
CRUK0048_SU_T1-R1	chr1	762496	1824052	4	3
CRUK0048_SU_T1-R1	chr1	1846852	3331272	2	2
CRUK0048_SU_T1-R1	chr1	3334493	8037702	2	2
CRUK0048_SU_T1-R1	chr1	8044905	17380551	2	2
CRUK0048_SU_T1-R1	chr1	17395508	17603149	2	1
CRUK0048_SU_T1-R1	chr1	17603240	35451017	2	2
CRUK0048_SU_T1-R1	chr1	35452702	39988896	2	2
CRUK0048_SU_T1-R1	chr1	39991427	121310061	2	2
CRUK0048_SU_T1-R1	chr1	144860026	144871889	2	2
CRUK0048_SU_T1-R1	chr1	144873887	144930940	2	2
CRUK0048_SU_T1-R1	chr1	145522859	146320811	2	2
CRUK0048_SU_T1-R1	chr1	146514422	150679033	5	2
CRUK0048_SU_T1-R1	chr1	150683978	154030638	3	2
CRUK0048_SU_T1-R1	chr1	154034201	154285052	6	2
CRUK0048_SU_T1-R1	chr1	154285078	155014223	7	2
CRUK0048_SU_T1-R1	chr1	155015736	228112049	4	2
CRUK0048_SU_T1-R1	chr1	228129197	228399519	5	3
CRUK0048_SU_T1-R1	chr1	228400063	244773734	4	2
CRUK0048_SU_T1-R1	chr1	244773784	245927482	5	2
CRUK0048_SU_T1-R1	chr1	246714487	246942107	4	0
CRUK0048_SU_T1-R1	chr1	246942159	247202818	4	4
CRUK0048_SU_T1-R1	chr1	247263639	249212481	4	0
CRUK0048_SU_T1-R1	chr2	41509	40402554	2	2
CRUK0048_SU_T1-R1	chr2	43009931	92326170	2	2
CRUK0048_SU_T1-R1	chr2	95326172	97652090	2	2
CRUK0048_SU_T1-R1	chr2	97757509	98206193	5	2
CRUK0048_SU_T1-R1	chr2	98273661	168115821	2	2
CRUK0048_SU_T1-R1	chr2	168725479	170112660	2	2
CRUK0048_SU_T1-R1	chr2	170113538	186653781	2	2
CRUK0048_SU_T1-R1	chr2	186653954	186678887	2	1
CRUK0048_SU_T1-R1	chr2	186680041	205912496	2	2
CRUK0048_SU_T1-R1	chr2	205969023	207516752	2	2
CRUK0048_SU_T1-R1	chr2	207527544	216198226	2	2
CRUK0048_SU_T1-R1	chr2	216199548	242946562	2	2
CRUK0048_SU_T1-R1	chr3	239347	29628590	2	1
CRUK0048_SU_T1-R1	chr3	29628639	35730903	3	1
CRUK0048_SU_T1-R1	chr3	35731560	71102981	2	1
CRUK0048_SU_T1-R1	chr3	71745688	75986874	2	1
CRUK0048_SU_T1-R1	chr3	77147112	90276604	2	2
CRUK0048_SU_T1-R1	chr3	93715641	107096768	3	1
CRUK0048_SU_T1-R1	chr3	107492023	147131269	2	1
CRUK0048_SU_T1-R1	chr3	148458807	191087740	3	2
CRUK0048_SU_T1-R1	chr3	191093434	191100568	1	1
CRUK0048_SU_T1-R1	chr3	192517061	197765456	3	2
CRUK0048_SU_T1-R1	chr4	85704	3344300	2	2
CRUK0048_SU_T1-R1	chr4	3344337	3590595	3	2
CRUK0048_SU_T1-R1	chr4	3590683	5461913	3	2
CRUK0048_SU_T1-R1	chr4	5527102	28364213	2	2
CRUK0048_SU_T1-R1	chr4	28821161	48906556	2	2
CRUK0048_SU_T1-R1	chr4	52660118	56738148	3	2
CRUK0048_SU_T1-R1	chr4	56738887	100045716	2	2
CRUK0048_SU_T1-R1	chr4	100047812	100125420	2	2
CRUK0048_SU_T1-R1	chr4	100126147	135122340	2	2
CRUK0048_SU_T1-R1	chr4	138442265	144390423	3	3
CRUK0048_SU_T1-R1	chr4	144435197	144474295	3	2
CRUK0048_SU_T1-R1	chr4	144498768	178363355	3	3
CRUK0048_SU_T1-R1	chr4	178363378	184596003	2	2
CRUK0048_SU_T1-R1	chr4	184596290	190878661	2	2
CRUK0048_SU_T1-R1	chr5	140532	889095	4	2
CRUK0048_SU_T1-R1	chr5	889130	896725	6	1
CRUK0048_SU_T1-R1	chr5	896726	33649883	4	2
CRUK0048_SU_T1-R1	chr5	33936765	42565904	4	2
CRUK0048_SU_T1-R1	chr5	42565967	46405640	2	2
CRUK0048_SU_T1-R1	chr5	49405642	73339193	2	2
CRUK0048_SU_T1-R1	chr5	73930550	75621279	3	0
CRUK0048_SU_T1-R1	chr5	75699431	88215116	2	2
CRUK0048_SU_T1-R1	chr5	89312407	161580296	2	0
CRUK0048_SU_T1-R1	chr5	162868970	169468141	2	2
CRUK0048_SU_T1-R1	chr5	169482219	169810736	2	1
CRUK0048_SU_T1-R1	chr5	169810966	180687830	2	2
CRUK0048_SU_T1-R1	chr6	203397	1610851	5	2
CRUK0048_SU_T1-R1	chr6	1610887	25682283	4	2
CRUK0048_SU_T1-R1	chr6	25689267	25983905	3	2
CRUK0048_SU_T1-R1	chr6	26017708	26413714	4	2
CRUK0048_SU_T1-R1	chr6	33553455	41010938	4	2
CRUK0048_SU_T1-R1	chr6	41011309	41310775	4	2
CRUK0048_SU_T1-R1	chr6	41318424	42930600	5	2
CRUK0048_SU_T1-R1	chr6	42931105	43488836	4	2
CRUK0048_SU_T1-R1	chr6	43488889	43752503	4	2
CRUK0048_SU_T1-R1	chr6	43968412	46826646	5	2
CRUK0048_SU_T1-R1	chr6	46826715	47591983	4	2
CRUK0048_SU_T1-R1	chr6	47624239	56846774	4	1
CRUK0048_SU_T1-R1	chr6	57244665	57254803	4	3
CRUK0048_SU_T1-R1	chr6	65149185	73905177	4	2
CRUK0048_SU_T1-R1	chr6	74073460	74446268	4	1
CRUK0048_SU_T1-R1	chr6	74466299	83076031	4	1
CRUK0048_SU_T1-R1	chr6	83666927	88273970	3	1
CRUK0048_SU_T1-R1	chr6	88274000	88410955	4	2
CRUK0048_SU_T1-R1	chr6	88763648	116875149	3	1
CRUK0048_SU_T1-R1	chr6	117591619	117679105	18	12
CRUK0048_SU_T1-R1	chr6	117679249	131540966	3	1
CRUK0048_SU_T1-R1	chr6	131574195	135271275	3	1
CRUK0048_SU_T1-R1	chr6	135286293	139695061	2	2
CRUK0048_SU_T1-R1	chr6	141005059	143382110	2	2
CRUK0048_SU_T1-R1	chr6	143771821	152805937	3	1
CRUK0048_SU_T1-R1	chr6	152809527	161173962	2	2
CRUK0048_SU_T1-R1	chr6	161413211	163235351	1	1
CRUK0048_SU_T1-R1	chr6	163418400	170893697	2	1
CRUK0048_SU_T1-R1	chr7	193245	618855	3	2
CRUK0048_SU_T1-R1	chr7	624211	1192792	3	2
CRUK0048_SU_T1-R1	chr7	1195322	3205758	3	3
CRUK0048_SU_T1-R1	chr7	3205763	4056857	2	2
CRUK0048_SU_T1-R1	chr7	4056923	6456518	3	3
CRUK0048_SU_T1-R1	chr7	6470032	53104297	2	2
CRUK0048_SU_T1-R1	chr7	53930146	55560207	3	2
CRUK0048_SU_T1-R1	chr7	55565221	55832454	3	3
CRUK0048_SU_T1-R1	chr7	55832480	57529604	3	2
CRUK0048_SU_T1-R1	chr7	62910177	76071003	3	3
CRUK0048_SU_T1-R1	chr7	76111835	76751252	3	3
CRUK0048_SU_T1-R1	chr7	76866468	129079706	2	2
CRUK0048_SU_T1-R1	chr7	129079918	142334353	2	2
CRUK0048_SU_T1-R1	chr7	142334431	142480002	3	2
CRUK0048_SU_T1-R1	chr7	142493977	148463843	2	2
CRUK0048_SU_T1-R1	chr7	148463860	148947733	3	2
CRUK0048_SU_T1-R1	chr7	148947878	159025874	2	2
CRUK0048_SU_T1-R1	chr8	182785	29207845	2	0
CRUK0048_SU_T1-R1	chr8	29207872	43197438	2	0
CRUK0048_SU_T1-R1	chr8	47752730	61139427	4	2
CRUK0048_SU_T1-R1	chr8	61144740	62003593	4	2
CRUK0048_SU_T1-R1	chr8	62204757	73849870	4	2
CRUK0048_SU_T1-R1	chr8	73849987	75737733	5	3
CRUK0048_SU_T1-R1	chr8	80965472	120613814	4	2
CRUK0048_SU_T1-R1	chr8	120685355	121483224	2	0
CRUK0048_SU_T1-R1	chr8	121500381	124035861	7	2
CRUK0048_SU_T1-R1	chr8	124037107	128099418	9	2
CRUK0048_SU_T1-R1	chr8	128428823	131414095	9	2
CRUK0048_SU_T1-R1	chr8	131414257	133985050	5	2
CRUK0048_SU_T1-R1	chr8	133985059	139144766	9	2
CRUK0048_SU_T1-R1	chr8	139144777	146279571	5	2
CRUK0048_SU_T1-R1	chr9	154795	43816656	2	2
CRUK0048_SU_T1-R1	chr9	65602563	71998489	2	0
CRUK0048_SU_T1-R1	chr9	71998569	114366094	2	0
CRUK0048_SU_T1-R1	chr9	114371322	114825450	3	1
CRUK0048_SU_T1-R1	chr9	114865381	116153900	2	0
CRUK0048_SU_T1-R1	chr9	116155811	120474678	2	2
CRUK0048_SU_T1-R1	chr9	120474721	130487075	2	2
CRUK0048_SU_T1-R1	chr9	130488512	134735987	2	2
CRUK0048_SU_T1-R1	chr9	134736103	138679895	2	0
CRUK0048_SU_T1-R1	chr9	138679911	139231312	2	0
CRUK0048_SU_T1-R1	chr9	139231320	141070335	2	0
CRUK0048_SU_T1-R1	chr10	95074	26355862	2	2
CRUK0048_SU_T1-R1	chr10	26355872	26356067	2	2
CRUK0048_SU_T1-R1	chr10	26357721	32197773	2	2
CRUK0048_SU_T1-R1	chr10	32304591	32317327	18	17
CRUK0048_SU_T1-R1	chr10	32320002	39254934	2	2
CRUK0048_SU_T1-R1	chr10	43119123	45869910	2	2
CRUK0048_SU_T1-R1	chr10	45877899	85958920	2	2
CRUK0048_SU_T1-R1	chr10	85960265	86018398	2	1
CRUK0048_SU_T1-R1	chr10	86130899	123239221	2	2
CRUK0048_SU_T1-R1	chr10	123239751	123242967	18	13
CRUK0048_SU_T1-R1	chr10	123243197	135381927	2	2
CRUK0048_SU_T1-R1	chr11	193863	224219	2	1
CRUK0048_SU_T1-R1	chr11	230348	1096301	2	0
CRUK0048_SU_T1-R1	chr11	1096368	1575760	2	0
CRUK0048_SU_T1-R1	chr11	1576283	1651760	4	1
CRUK0048_SU_T1-R1	chr11	1718833	1950302	2	0
CRUK0048_SU_T1-R1	chr11	2016619	2017362	2	0
CRUK0048_SU_T1-R1	chr11	2017439	2018476	2	0
CRUK0048_SU_T1-R1	chr11	2018853	48328651	2	0
CRUK0048_SU_T1-R1	chr11	48346495	48997223	2	0
CRUK0048_SU_T1-R1	chr11	48997303	49401052	2	0
CRUK0048_SU_T1-R1	chr11	49597972	50003245	2	0
CRUK0048_SU_T1-R1	chr11	55136019	61907909	2	2
CRUK0048_SU_T1-R1	chr11	61908139	62037726	3	2
CRUK0048_SU_T1-R1	chr11	62038311	66324531	2	2
CRUK0048_SU_T1-R1	chr11	66324583	66329138	3	3
CRUK0048_SU_T1-R1	chr11	66329501	67020889	2	2
CRUK0048_SU_T1-R1	chr11	67020910	71259882	2	2
CRUK0048_SU_T1-R1	chr11	71259963	71627096	5	3
CRUK0048_SU_T1-R1	chr11	71627159	75111880	2	2
CRUK0048_SU_T1-R1	chr11	75112783	89371874	2	2
CRUK0048_SU_T1-R1	chr11	89372202	89431713	3	2
CRUK0048_SU_T1-R1	chr11	89451071	114401579	2	2
CRUK0048_SU_T1-R1	chr11	114401611	114441639	2	2
CRUK0048_SU_T1-R1	chr11	114441698	134856707	2	2
CRUK0048_SU_T1-R1	chr12	208351	6161611	2	2
CRUK0048_SU_T1-R1	chr12	6161792	6562588	2	2
CRUK0048_SU_T1-R1	chr12	6562652	6879278	2	2
CRUK0048_SU_T1-R1	chr12	6879279	34856693	2	2
CRUK0048_SU_T1-R1	chr12	37856695	40671994	2	2
CRUK0048_SU_T1-R1	chr12	40677650	51722479	2	2
CRUK0048_SU_T1-R1	chr12	51723468	52710539	2	2
CRUK0048_SU_T1-R1	chr12	52710607	52711590	2	2
CRUK0048_SU_T1-R1	chr12	52711624	62861135	2	2
CRUK0048_SU_T1-R1	chr12	62864417	80855853	2	2
CRUK0048_SU_T1-R1	chr12	80855856	117977781	2	2
CRUK0048_SU_T1-R1	chr12	117993064	133438274	2	2
CRUK0048_SU_T1-R1	chr12	133438277	133810949	2	2
CRUK0048_SU_T1-R1	chr13	19600440	25016677	2	1
CRUK0048_SU_T1-R1	chr13	25016687	53608623	2	1
CRUK0048_SU_T1-R1	chr13	60348312	111996602	2	1
CRUK0048_SU_T1-R1	chr13	112278246	114508032	2	1
CRUK0048_SU_T1-R1	chr13	114514690	115091783	2	1
CRUK0048_SU_T1-R1	chr14	20443649	22337119	2	2
CRUK0048_SU_T1-R1	chr14	22520692	22992694	3	2
CRUK0048_SU_T1-R1	chr14	22998563	53124734	2	2
CRUK0048_SU_T1-R1	chr14	56078958	71543089	2	0
CRUK0048_SU_T1-R1	chr14	71555172	107283126	2	2
CRUK0048_SU_T1-R1	chr15	20169972	42145904	2	2
CRUK0048_SU_T1-R1	chr15	42145936	42291711	2	2
CRUK0048_SU_T1-R1	chr15	42298153	42374031	3	2
CRUK0048_SU_T1-R1	chr15	42374448	42442910	1	1
CRUK0048_SU_T1-R1	chr15	42442999	42579949	3	2
CRUK0048_SU_T1-R1	chr15	42579984	84771649	2	2
CRUK0048_SU_T1-R1	chr15	84773393	90796704	2	2
CRUK0048_SU_T1-R1	chr15	90798953	102389791	2	2
CRUK0048_SU_T1-R1	chr16	97409	227187	3	2
CRUK0048_SU_T1-R1	chr16	323016	2003988	2	2
CRUK0048_SU_T1-R1	chr16	2004002	2161137	3	2
CRUK0048_SU_T1-R1	chr16	2161150	2986323	2	2
CRUK0048_SU_T1-R1	chr16	2986431	3166382	3	3
CRUK0048_SU_T1-R1	chr16	3166467	34682405	2	2
CRUK0048_SU_T1-R1	chr16	46508175	75688334	2	2
CRUK0048_SU_T1-R1	chr16	75690064	81891998	2	1
CRUK0048_SU_T1-R1	chr16	81892708	84531746	2	2
CRUK0048_SU_T1-R1	chr16	84623864	88809480	2	2
CRUK0048_SU_T1-R1	chr16	88809686	88872631	3	2
CRUK0048_SU_T1-R1	chr16	88872794	89180902	2	1
CRUK0048_SU_T1-R1	chr16	89187204	89598407	2	2
CRUK0048_SU_T1-R1	chr16	89598896	89927224	2	2
CRUK0048_SU_T1-R1	chr16	89927265	90161262	2	2
CRUK0048_SU_T1-R1	chr17	5953	8065048	2	2
CRUK0048_SU_T1-R1	chr17	8065559	8076967	1	1
CRUK0048_SU_T1-R1	chr17	8077542	8707534	2	2
CRUK0048_SU_T1-R1	chr17	8736330	10633269	4	2
CRUK0048_SU_T1-R1	chr17	11144826	11827369	3	0
CRUK0048_SU_T1-R1	chr17	11833159	15668720	2	0
CRUK0048_SU_T1-R1	chr17	15668775	21147561	2	0
CRUK0048_SU_T1-R1	chr17	21201719	21319110	1	0
CRUK0048_SU_T1-R1	chr17	25620868	39155813	2	2
CRUK0048_SU_T1-R1	chr17	39155882	39240887	4	2
CRUK0048_SU_T1-R1	chr17	39240948	72939510	2	2
CRUK0048_SU_T1-R1	chr17	72939592	81083520	2	2
CRUK0048_SU_T1-R1	chr18	158494	15004191	2	2
CRUK0048_SU_T1-R1	chr18	18650470	57136902	2	0
CRUK0048_SU_T1-R1	chr18	57147351	77960841	2	0
CRUK0048_SU_T1-R1	chr19	281376	731078	2	0
CRUK0048_SU_T1-R1	chr19	731144	1622477	3	0
CRUK0048_SU_T1-R1	chr19	1623882	2917613	2	0
CRUK0048_SU_T1-R1	chr19	2917798	3762698	2	0
CRUK0048_SU_T1-R1	chr19	3762705	3831476	2	0
CRUK0048_SU_T1-R1	chr19	3831525	5892434	2	0
CRUK0048_SU_T1-R1	chr19	5892461	9033816	2	0
CRUK0048_SU_T1-R1	chr19	9037991	10080141	2	0
CRUK0048_SU_T1-R1	chr19	10080210	10203476	2	0
CRUK0048_SU_T1-R1	chr19	10204034	11242011	2	0
CRUK0048_SU_T1-R1	chr19	11411868	11475282	2	0
CRUK0048_SU_T1-R1	chr19	11526765	12541035	2	0
CRUK0048_SU_T1-R1	chr19	12541191	12551674	3	0
CRUK0048_SU_T1-R1	chr19	12551703	15083597	2	0
CRUK0048_SU_T1-R1	chr19	15083645	16344979	2	0
CRUK0048_SU_T1-R1	chr19	16345075	19869119	2	0
CRUK0048_SU_T1-R1	chr19	19905376	21129250	3	0
CRUK0048_SU_T1-R1	chr19	21131560	21326416	4	0
CRUK0048_SU_T1-R1	chr19	21349311	24345141	3	2
CRUK0048_SU_T1-R1	chr19	29567046	46270317	2	2
CRUK0048_SU_T1-R1	chr19	46271500	48250125	2	2
CRUK0048_SU_T1-R1	chr19	48250197	48259278	2	2
CRUK0048_SU_T1-R1	chr19	48374635	59083902	2	2
CRUK0048_SU_T1-R1	chr20	68264	17492556	2	2
CRUK0048_SU_T1-R1	chr20	17492755	18506616	2	2
CRUK0048_SU_T1-R1	chr20	18507066	26369568	2	2
CRUK0048_SU_T1-R1	chr20	29369570	56826020	2	2
CRUK0048_SU_T1-R1	chr20	56826158	61640656	3	2
CRUK0048_SU_T1-R1	chr20	61711484	61881438	2	2
CRUK0048_SU_T1-R1	chr20	61885459	62959363	3	2
CRUK0048_SU_T1-R1	chr21	14288130	45951453	2	2
CRUK0048_SU_T1-R1	chr21	45999835	46074197	4	3
CRUK0048_SU_T1-R1	chr21	46074202	46117826	4	3
CRUK0048_SU_T1-R1	chr21	46131296	48084340	2	2
CRUK0048_SU_T1-R1	chr22	17052949	33327522	2	2
CRUK0048_SU_T1-R1	chr22	33376632	40425625	2	2
CRUK0048_SU_T1-R1	chr22	40521725	40759172	2	2
CRUK0048_SU_T1-R1	chr22	40798064	51219216	2	2
CRUK0048_SU_T1-R2	chr1	762496	1824052	4	2
CRUK0048_SU_T1-R2	chr1	1846852	3331272	2	2
CRUK0048_SU_T1-R2	chr1	3334493	8037702	2	2
CRUK0048_SU_T1-R2	chr1	8044905	17380551	2	2
CRUK0048_SU_T1-R2	chr1	17395508	17603149	2	1
CRUK0048_SU_T1-R2	chr1	17603240	35451017	2	2
CRUK0048_SU_T1-R2	chr1	35452702	39988896	2	2
CRUK0048_SU_T1-R2	chr1	39991427	121310061	2	2
CRUK0048_SU_T1-R2	chr1	144860026	144871889	2	2
CRUK0048_SU_T1-R2	chr1	144873887	144930940	2	2
CRUK0048_SU_T1-R2	chr1	145522859	146320811	2	1
CRUK0048_SU_T1-R2	chr1	146514422	150679033	8	2
CRUK0048_SU_T1-R2	chr1	150683978	154030638	5	1
CRUK0048_SU_T1-R2	chr1	154034201	154285052	7	1
CRUK0048_SU_T1-R2	chr1	154285078	155014223	8	1
CRUK0048_SU_T1-R2	chr1	155015736	228112049	4	1
CRUK0048_SU_T1-R2	chr1	228129197	228399519	3	2
CRUK0048_SU_T1-R2	chr1	228400063	244773734	4	1
CRUK0048_SU_T1-R2	chr1	244773784	245927482	4	1
CRUK0048_SU_T1-R2	chr1	246714487	246942107	4	0
CRUK0048_SU_T1-R2	chr1	246942159	247202818	4	3
CRUK0048_SU_T1-R2	chr1	247263639	249212481	4	0
CRUK0048_SU_T1-R2	chr2	41509	40402554	2	1
CRUK0048_SU_T1-R2	chr2	43009931	92326170	2	1
CRUK0048_SU_T1-R2	chr2	95326172	97652090	2	1
CRUK0048_SU_T1-R2	chr2	97757509	98206193	3	2
CRUK0048_SU_T1-R2	chr2	98273661	168115821	2	1
CRUK0048_SU_T1-R2	chr2	168725479	170112660	2	1
CRUK0048_SU_T1-R2	chr2	170113538	186653781	2	1
CRUK0048_SU_T1-R2	chr2	186653954	186678887	2	1
CRUK0048_SU_T1-R2	chr2	186680041	205912496	2	1
CRUK0048_SU_T1-R2	chr2	205969023	207516752	2	1
CRUK0048_SU_T1-R2	chr2	207527544	216198226	2	1
CRUK0048_SU_T1-R2	chr2	216199548	242946562	2	1
CRUK0048_SU_T1-R2	chr3	239347	29628590	2	2
CRUK0048_SU_T1-R2	chr3	29628639	35730903	2	1
CRUK0048_SU_T1-R2	chr3	35731560	71102981	2	1
CRUK0048_SU_T1-R2	chr3	71745688	75986874	2	2
CRUK0048_SU_T1-R2	chr3	77147112	90276604	4	2
CRUK0048_SU_T1-R2	chr3	93715641	107096768	2	2
CRUK0048_SU_T1-R2	chr3	107492023	147131269	2	2
CRUK0048_SU_T1-R2	chr3	148458807	191087740	2	2
CRUK0048_SU_T1-R2	chr3	191093434	191100568	2	1
CRUK0048_SU_T1-R2	chr3	192517061	197765456	2	2
CRUK0048_SU_T1-R2	chr4	85704	3344300	2	1
CRUK0048_SU_T1-R2	chr4	3344337	3590595	2	2
CRUK0048_SU_T1-R2	chr4	3590683	5461913	2	1
CRUK0048_SU_T1-R2	chr4	5527102	28364213	2	1
CRUK0048_SU_T1-R2	chr4	28821161	48906556	2	2
CRUK0048_SU_T1-R2	chr4	52660118	56738148	2	2
CRUK0048_SU_T1-R2	chr4	56738887	100045716	2	2
CRUK0048_SU_T1-R2	chr4	100047812	100125420	2	2
CRUK0048_SU_T1-R2	chr4	100126147	135122340	2	2
CRUK0048_SU_T1-R2	chr4	138442265	144390423	2	2
CRUK0048_SU_T1-R2	chr4	144435197	144474295	2	2
CRUK0048_SU_T1-R2	chr4	144498768	178363355	2	2
CRUK0048_SU_T1-R2	chr4	178363378	184596003	2	2
CRUK0048_SU_T1-R2	chr4	184596290	190878661	2	2
CRUK0048_SU_T1-R2	chr5	140532	889095	3	2
CRUK0048_SU_T1-R2	chr5	889130	896725	3	2
CRUK0048_SU_T1-R2	chr5	896726	33649883	3	2
CRUK0048_SU_T1-R2	chr5	33936765	42565904	3	2
CRUK0048_SU_T1-R2	chr5	42565967	46405640	2	2
CRUK0048_SU_T1-R2	chr5	49405642	73339193	2	2
CRUK0048_SU_T1-R2	chr5	73930550	75621279	2	0
CRUK0048_SU_T1-R2	chr5	75699431	88215116	2	2
CRUK0048_SU_T1-R2	chr5	89312407	161580296	2	0
CRUK0048_SU_T1-R2	chr5	162868970	169468141	2	2
CRUK0048_SU_T1-R2	chr5	169482219	169810736	3	2
CRUK0048_SU_T1-R2	chr5	169810966	180687830	2	2
CRUK0048_SU_T1-R2	chr6	203397	1610851	4	2
CRUK0048_SU_T1-R2	chr6	1610887	25682283	3	2
CRUK0048_SU_T1-R2	chr6	25689267	25983905	3	2
CRUK0048_SU_T1-R2	chr6	26017708	26413714	3	2
CRUK0048_SU_T1-R2	chr6	33553455	41010938	3	2
CRUK0048_SU_T1-R2	chr6	41011309	41310775	3	2
CRUK0048_SU_T1-R2	chr6	41318424	42930600	4	2
CRUK0048_SU_T1-R2	chr6	42931105	43488836	3	2
CRUK0048_SU_T1-R2	chr6	43488889	43752503	4	2
CRUK0048_SU_T1-R2	chr6	43968412	46826646	4	2
CRUK0048_SU_T1-R2	chr6	46826715	47591983	4	2
CRUK0048_SU_T1-R2	chr6	47624239	56846774	4	2
CRUK0048_SU_T1-R2	chr6	57244665	57254803	3	3
CRUK0048_SU_T1-R2	chr6	65149185	73905177	2	2
CRUK0048_SU_T1-R2	chr6	74073460	74446268	2	2
CRUK0048_SU_T1-R2	chr6	74466299	83076031	2	2
CRUK0048_SU_T1-R2	chr6	83666927	88273970	2	1
CRUK0048_SU_T1-R2	chr6	88274000	88410955	2	2
CRUK0048_SU_T1-R2	chr6	88763648	116875149	2	1
CRUK0048_SU_T1-R2	chr6	117591619	117679105	8	5
CRUK0048_SU_T1-R2	chr6	117679249	131540966	2	1
CRUK0048_SU_T1-R2	chr6	131574195	135271275	2	2
CRUK0048_SU_T1-R2	chr6	135286293	139695061	2	2
CRUK0048_SU_T1-R2	chr6	141005059	143382110	2	1
CRUK0048_SU_T1-R2	chr6	143771821	152805937	2	1
CRUK0048_SU_T1-R2	chr6	152809527	161173962	2	1
CRUK0048_SU_T1-R2	chr6	161413211	163235351	2	1
CRUK0048_SU_T1-R2	chr6	163418400	170893697	2	1
CRUK0048_SU_T1-R2	chr7	193245	618855	2	2
CRUK0048_SU_T1-R2	chr7	624211	1192792	2	2
CRUK0048_SU_T1-R2	chr7	1195322	3205758	2	2
CRUK0048_SU_T1-R2	chr7	3205763	4056857	2	2
CRUK0048_SU_T1-R2	chr7	4056923	6456518	2	2
CRUK0048_SU_T1-R2	chr7	6470032	53104297	2	2
CRUK0048_SU_T1-R2	chr7	53930146	55560207	18	2
CRUK0048_SU_T1-R2	chr7	55565221	55832454	20	2
CRUK0048_SU_T1-R2	chr7	55832480	57529604	3	2
CRUK0048_SU_T1-R2	chr7	62910177	76071003	2	2
CRUK0048_SU_T1-R2	chr7	76111835	76751252	3	3
CRUK0048_SU_T1-R2	chr7	76866468	129079706	2	2
CRUK0048_SU_T1-R2	chr7	129079918	142334353	2	2
CRUK0048_SU_T1-R2	chr7	142334431	142480002	3	2
CRUK0048_SU_T1-R2	chr7	142493977	148463843	2	2
CRUK0048_SU_T1-R2	chr7	148463860	148947733	2	2
CRUK0048_SU_T1-R2	chr7	148947878	159025874	2	2
CRUK0048_SU_T1-R2	chr8	182785	29207845	2	0
CRUK0048_SU_T1-R2	chr8	29207872	43197438	2	0
CRUK0048_SU_T1-R2	chr8	47752730	61139427	3	2
CRUK0048_SU_T1-R2	chr8	61144740	62003593	3	2
CRUK0048_SU_T1-R2	chr8	62204757	73849870	3	2
CRUK0048_SU_T1-R2	chr8	73849987	75737733	4	2
CRUK0048_SU_T1-R2	chr8	80965472	120613814	3	2
CRUK0048_SU_T1-R2	chr8	120685355	121483224	2	0
CRUK0048_SU_T1-R2	chr8	121500381	124035861	4	2
CRUK0048_SU_T1-R2	chr8	124037107	128099418	6	2
CRUK0048_SU_T1-R2	chr8	128428823	131414095	8	2
CRUK0048_SU_T1-R2	chr8	131414257	133985050	4	2
CRUK0048_SU_T1-R2	chr8	133985059	139144766	6	2
CRUK0048_SU_T1-R2	chr8	139144777	146279571	4	2
CRUK0048_SU_T1-R2	chr9	154795	43816656	2	1
CRUK0048_SU_T1-R2	chr9	65602563	71998489	2	0
CRUK0048_SU_T1-R2	chr9	71998569	114366094	2	0
CRUK0048_SU_T1-R2	chr9	114371322	114825450	2	1
CRUK0048_SU_T1-R2	chr9	114865381	116153900	2	0
CRUK0048_SU_T1-R2	chr9	116155811	120474678	2	2
CRUK0048_SU_T1-R2	chr9	120474721	130487075	2	2
CRUK0048_SU_T1-R2	chr9	130488512	134735987	2	2
CRUK0048_SU_T1-R2	chr9	134736103	138679895	2	0
CRUK0048_SU_T1-R2	chr9	138679911	139231312	2	0
CRUK0048_SU_T1-R2	chr9	139231320	141070335	2	0
CRUK0048_SU_T1-R2	chr10	95074	26355862	2	2
CRUK0048_SU_T1-R2	chr10	26355872	26356067	2	2
CRUK0048_SU_T1-R2	chr10	26357721	32197773	2	2
CRUK0048_SU_T1-R2	chr10	32304591	32317327	12	12
CRUK0048_SU_T1-R2	chr10	32320002	39254934	2	2
CRUK0048_SU_T1-R2	chr10	43119123	45869910	2	1
CRUK0048_SU_T1-R2	chr10	45877899	85958920	2	1
CRUK0048_SU_T1-R2	chr10	85960265	86018398	2	1
CRUK0048_SU_T1-R2	chr10	86130899	123239221	2	1
CRUK0048_SU_T1-R2	chr10	123239751	123242967	11	8
CRUK0048_SU_T1-R2	chr10	123243197	135381927	2	1
CRUK0048_SU_T1-R2	chr11	193863	224219	2	0
CRUK0048_SU_T1-R2	chr11	230348	1096301	2	0
CRUK0048_SU_T1-R2	chr11	1096368	1575760	2	0
CRUK0048_SU_T1-R2	chr11	1576283	1651760	3	0
CRUK0048_SU_T1-R2	chr11	1718833	1950302	2	0
CRUK0048_SU_T1-R2	chr11	2016619	2017362	2	0
CRUK0048_SU_T1-R2	chr11	2017439	2018476	2	0
CRUK0048_SU_T1-R2	chr11	2018853	48328651	2	0
CRUK0048_SU_T1-R2	chr11	48346495	48997223	1	1
CRUK0048_SU_T1-R2	chr11	48997303	49401052	2	0
CRUK0048_SU_T1-R2	chr11	49597972	50003245	2	0
CRUK0048_SU_T1-R2	chr11	55136019	61907909	2	2
CRUK0048_SU_T1-R2	chr11	61908139	62037726	2	2
CRUK0048_SU_T1-R2	chr11	62038311	66324531	2	2
CRUK0048_SU_T1-R2	chr11	66324583	66329138	2	2
CRUK0048_SU_T1-R2	chr11	66329501	67020889	2	2
CRUK0048_SU_T1-R2	chr11	67020910	71259882	2	2
CRUK0048_SU_T1-R2	chr11	71259963	71627096	4	2
CRUK0048_SU_T1-R2	chr11	71627159	75111880	2	2
CRUK0048_SU_T1-R2	chr11	75112783	89371874	2	2
CRUK0048_SU_T1-R2	chr11	89372202	89431713	3	3
CRUK0048_SU_T1-R2	chr11	89451071	114401579	2	2
CRUK0048_SU_T1-R2	chr11	114401611	114441639	3	2
CRUK0048_SU_T1-R2	chr11	114441698	134856707	2	2
CRUK0048_SU_T1-R2	chr12	208351	6161611	2	2
CRUK0048_SU_T1-R2	chr12	6161792	6562588	2	2
CRUK0048_SU_T1-R2	chr12	6562652	6879278	2	2
CRUK0048_SU_T1-R2	chr12	6879279	34856693	2	2
CRUK0048_SU_T1-R2	chr12	37856695	40671994	2	2
CRUK0048_SU_T1-R2	chr12	40677650	51722479	2	2
CRUK0048_SU_T1-R2	chr12	51723468	52710539	2	2
CRUK0048_SU_T1-R2	chr12	52710607	52711590	2	2
CRUK0048_SU_T1-R2	chr12	52711624	62861135	2	2
CRUK0048_SU_T1-R2	chr12	62864417	80855853	2	2
CRUK0048_SU_T1-R2	chr12	80855856	117977781	2	2
CRUK0048_SU_T1-R2	chr12	117993064	133438274	2	2
CRUK0048_SU_T1-R2	chr12	133438277	133810949	2	2
CRUK0048_SU_T1-R2	chr13	19600440	25016677	2	1
CRUK0048_SU_T1-R2	chr13	25016687	53608623	2	1
CRUK0048_SU_T1-R2	chr13	60348312	111996602	2	0
CRUK0048_SU_T1-R2	chr13	112278246	114508032	2	0
CRUK0048_SU_T1-R2	chr13	114514690	115091783	2	0
CRUK0048_SU_T1-R2	chr14	20443649	22337119	2	2
CRUK0048_SU_T1-R2	chr14	22520692	22992694	2	2
CRUK0048_SU_T1-R2	chr14	22998563	53124734	2	2
CRUK0048_SU_T1-R2	chr14	56078958	71543089	2	0
CRUK0048_SU_T1-R2	chr14	71555172	107283126	2	2
CRUK0048_SU_T1-R2	chr15	20169972	42145904	2	2
CRUK0048_SU_T1-R2	chr15	42145936	42291711	2	2
CRUK0048_SU_T1-R2	chr15	42298153	42374031	2	2
CRUK0048_SU_T1-R2	chr15	42374448	42442910	2	2
CRUK0048_SU_T1-R2	chr15	42442999	42579949	2	2
CRUK0048_SU_T1-R2	chr15	42579984	84771649	2	2
CRUK0048_SU_T1-R2	chr15	84773393	90796704	2	2
CRUK0048_SU_T1-R2	chr15	90798953	102389791	2	2
CRUK0048_SU_T1-R2	chr16	97409	227187	4	2
CRUK0048_SU_T1-R2	chr16	323016	2003988	2	2
CRUK0048_SU_T1-R2	chr16	2004002	2161137	2	2
CRUK0048_SU_T1-R2	chr16	2161150	2986323	2	2
CRUK0048_SU_T1-R2	chr16	2986431	3166382	2	2
CRUK0048_SU_T1-R2	chr16	3166467	34682405	2	2
CRUK0048_SU_T1-R2	chr16	46508175	75688334	2	2
CRUK0048_SU_T1-R2	chr16	75690064	81891998	2	2
CRUK0048_SU_T1-R2	chr16	81892708	84531746	2	2
CRUK0048_SU_T1-R2	chr16	84623864	88809480	2	2
CRUK0048_SU_T1-R2	chr16	88809686	88872631	2	2
CRUK0048_SU_T1-R2	chr16	88872794	89180902	2	2
CRUK0048_SU_T1-R2	chr16	89187204	89598407	2	2
CRUK0048_SU_T1-R2	chr16	89598896	89927224	2	2
CRUK0048_SU_T1-R2	chr16	89927265	90161262	2	2
CRUK0048_SU_T1-R2	chr17	5953	8065048	2	2
CRUK0048_SU_T1-R2	chr17	8065559	8076967	2	2
CRUK0048_SU_T1-R2	chr17	8077542	8707534	2	2
CRUK0048_SU_T1-R2	chr17	8736330	10633269	4	2
CRUK0048_SU_T1-R2	chr17	11144826	11827369	3	1
CRUK0048_SU_T1-R2	chr17	11833159	15668720	2	0
CRUK0048_SU_T1-R2	chr17	15668775	21147561	2	0
CRUK0048_SU_T1-R2	chr17	21201719	21319110	1	1
CRUK0048_SU_T1-R2	chr17	25620868	39155813	2	2
CRUK0048_SU_T1-R2	chr17	39155882	39240887	2	2
CRUK0048_SU_T1-R2	chr17	39240948	72939510	2	2
CRUK0048_SU_T1-R2	chr17	72939592	81083520	2	2
CRUK0048_SU_T1-R2	chr18	158494	15004191	2	2
CRUK0048_SU_T1-R2	chr18	18650470	57136902	2	0
CRUK0048_SU_T1-R2	chr18	57147351	77960841	2	0
CRUK0048_SU_T1-R2	chr19	281376	731078	2	0
CRUK0048_SU_T1-R2	chr19	731144	1622477	2	0
CRUK0048_SU_T1-R2	chr19	1623882	2917613	2	0
CRUK0048_SU_T1-R2	chr19	2917798	3762698	2	0
CRUK0048_SU_T1-R2	chr19	3762705	3831476	2	0
CRUK0048_SU_T1-R2	chr19	3831525	5892434	2	0
CRUK0048_SU_T1-R2	chr19	5892461	9033816	2	0
CRUK0048_SU_T1-R2	chr19	9037991	10080141	2	0
CRUK0048_SU_T1-R2	chr19	10080210	10203476	2	0
CRUK0048_SU_T1-R2	chr19	10204034	11242011	2	0
CRUK0048_SU_T1-R2	chr19	11411868	11475282	2	0
CRUK0048_SU_T1-R2	chr19	11526765	12541035	2	0
CRUK0048_SU_T1-R2	chr19	12541191	12551674	3	0
CRUK0048_SU_T1-R2	chr19	12551703	15083597	2	0
CRUK0048_SU_T1-R2	chr19	15083645	16344979	2	0
CRUK0048_SU_T1-R2	chr19	16345075	19869119	2	0
CRUK0048_SU_T1-R2	chr19	19905376	21129250	2	0
CRUK0048_SU_T1-R2	chr19	21131560	21326416	3	0
CRUK0048_SU_T1-R2	chr19	21349311	24345141	2	2
CRUK0048_SU_T1-R2	chr19	29567046	46270317	2	2
CRUK0048_SU_T1-R2	chr19	46271500	48250125	2	2
CRUK0048_SU_T1-R2	chr19	48250197	48259278	2	2
CRUK0048_SU_T1-R2	chr19	48374635	59083902	2	2
CRUK0048_SU_T1-R2	chr20	68264	17492556	2	1
CRUK0048_SU_T1-R2	chr20	17492755	18506616	2	1
CRUK0048_SU_T1-R2	chr20	18507066	26369568	2	2
CRUK0048_SU_T1-R2	chr20	29369570	56826020	2	2
CRUK0048_SU_T1-R2	chr20	56826158	61640656	2	2
CRUK0048_SU_T1-R2	chr20	61711484	61881438	2	2
CRUK0048_SU_T1-R2	chr20	61885459	62959363	2	2
CRUK0048_SU_T1-R2	chr21	14288130	45951453	3	2
CRUK0048_SU_T1-R2	chr21	45999835	46074197	4	3
CRUK0048_SU_T1-R2	chr21	46074202	46117826	2	2
CRUK0048_SU_T1-R2	chr21	46131296	48084340	3	2
CRUK0048_SU_T1-R2	chr22	17052949	33327522	2	2
CRUK0048_SU_T1-R2	chr22	33376632	40425625	2	2
CRUK0048_SU_T1-R2	chr22	40521725	40759172	2	1
CRUK0048_SU_T1-R2	chr22	40798064	51219216	2	2
CRUK0048_SU_T1-R3	chr1	762496	1824052	4	2
CRUK0048_SU_T1-R3	chr1	1846852	3331272	2	2
CRUK0048_SU_T1-R3	chr1	3334493	8037702	2	2
CRUK0048_SU_T1-R3	chr1	8044905	17380551	2	2
CRUK0048_SU_T1-R3	chr1	17395508	17603149	2	1
CRUK0048_SU_T1-R3	chr1	17603240	35451017	2	2
CRUK0048_SU_T1-R3	chr1	35452702	39988896	2	2
CRUK0048_SU_T1-R3	chr1	39991427	121310061	2	2
CRUK0048_SU_T1-R3	chr1	144860026	144871889	2	2
CRUK0048_SU_T1-R3	chr1	144873887	144930940	2	2
CRUK0048_SU_T1-R3	chr1	145522859	146320811	2	1
CRUK0048_SU_T1-R3	chr1	146514422	150679033	8	1
CRUK0048_SU_T1-R3	chr1	150683978	154030638	5	1
CRUK0048_SU_T1-R3	chr1	154034201	154285052	8	1
CRUK0048_SU_T1-R3	chr1	154285078	155014223	9	1
CRUK0048_SU_T1-R3	chr1	155015736	228112049	4	1
CRUK0048_SU_T1-R3	chr1	228129197	228399519	3	1
CRUK0048_SU_T1-R3	chr1	228400063	244773734	4	1
CRUK0048_SU_T1-R3	chr1	244773784	245927482	4	1
CRUK0048_SU_T1-R3	chr1	246714487	246942107	4	0
CRUK0048_SU_T1-R3	chr1	246942159	247202818	4	2
CRUK0048_SU_T1-R3	chr1	247263639	249212481	4	0
CRUK0048_SU_T1-R3	chr2	41509	40402554	2	1
CRUK0048_SU_T1-R3	chr2	43009931	92326170	2	1
CRUK0048_SU_T1-R3	chr2	95326172	97652090	2	1
CRUK0048_SU_T1-R3	chr2	97757509	98206193	3	2
CRUK0048_SU_T1-R3	chr2	98273661	168115821	2	1
CRUK0048_SU_T1-R3	chr2	168725479	170112660	2	1
CRUK0048_SU_T1-R3	chr2	170113538	186653781	2	1
CRUK0048_SU_T1-R3	chr2	186653954	186678887	2	1
CRUK0048_SU_T1-R3	chr2	186680041	205912496	2	1
CRUK0048_SU_T1-R3	chr2	205969023	207516752	2	1
CRUK0048_SU_T1-R3	chr2	207527544	216198226	2	1
CRUK0048_SU_T1-R3	chr2	216199548	242946562	2	1
CRUK0048_SU_T1-R3	chr3	239347	29628590	2	2
CRUK0048_SU_T1-R3	chr3	29628639	35730903	2	0
CRUK0048_SU_T1-R3	chr3	35731560	71102981	2	0
CRUK0048_SU_T1-R3	chr3	71745688	75986874	2	2
CRUK0048_SU_T1-R3	chr3	77147112	90276604	4	2
CRUK0048_SU_T1-R3	chr3	93715641	107096768	2	2
CRUK0048_SU_T1-R3	chr3	107492023	147131269	2	2
CRUK0048_SU_T1-R3	chr3	148458807	191087740	2	2
CRUK0048_SU_T1-R3	chr3	191093434	191100568	1	1
CRUK0048_SU_T1-R3	chr3	192517061	197765456	2	2
CRUK0048_SU_T1-R3	chr4	85704	3344300	2	1
CRUK0048_SU_T1-R3	chr4	3344337	3590595	2	2
CRUK0048_SU_T1-R3	chr4	3590683	5461913	2	1
CRUK0048_SU_T1-R3	chr4	5527102	28364213	2	1
CRUK0048_SU_T1-R3	chr4	28821161	48906556	2	2
CRUK0048_SU_T1-R3	chr4	52660118	56738148	2	2
CRUK0048_SU_T1-R3	chr4	56738887	100045716	2	2
CRUK0048_SU_T1-R3	chr4	100047812	100125420	2	1
CRUK0048_SU_T1-R3	chr4	100126147	135122340	2	2
CRUK0048_SU_T1-R3	chr4	138442265	144390423	2	2
CRUK0048_SU_T1-R3	chr4	144435197	144474295	2	2
CRUK0048_SU_T1-R3	chr4	144498768	178363355	2	2
CRUK0048_SU_T1-R3	chr4	178363378	184596003	2	2
CRUK0048_SU_T1-R3	chr4	184596290	190878661	2	2
CRUK0048_SU_T1-R3	chr5	140532	889095	3	2
CRUK0048_SU_T1-R3	chr5	889130	896725	3	2
CRUK0048_SU_T1-R3	chr5	896726	33649883	3	2
CRUK0048_SU_T1-R3	chr5	33936765	42565904	3	2
CRUK0048_SU_T1-R3	chr5	42565967	46405640	2	2
CRUK0048_SU_T1-R3	chr5	49405642	73339193	2	2
CRUK0048_SU_T1-R3	chr5	73930550	75621279	2	0
CRUK0048_SU_T1-R3	chr5	75699431	88215116	2	2
CRUK0048_SU_T1-R3	chr5	89312407	161580296	2	0
CRUK0048_SU_T1-R3	chr5	162868970	169468141	2	2
CRUK0048_SU_T1-R3	chr5	169482219	169810736	3	2
CRUK0048_SU_T1-R3	chr5	169810966	180687830	2	2
CRUK0048_SU_T1-R3	chr6	203397	1610851	4	2
CRUK0048_SU_T1-R3	chr6	1610887	25682283	3	2
CRUK0048_SU_T1-R3	chr6	25689267	25983905	3	2
CRUK0048_SU_T1-R3	chr6	26017708	26413714	3	2
CRUK0048_SU_T1-R3	chr6	33553455	41010938	3	2
CRUK0048_SU_T1-R3	chr6	41011309	41310775	4	2
CRUK0048_SU_T1-R3	chr6	41318424	42930600	4	2
CRUK0048_SU_T1-R3	chr6	42931105	43488836	3	2
CRUK0048_SU_T1-R3	chr6	43488889	43752503	4	2
CRUK0048_SU_T1-R3	chr6	43968412	46826646	5	2
CRUK0048_SU_T1-R3	chr6	46826715	47591983	4	2
CRUK0048_SU_T1-R3	chr6	47624239	56846774	4	2
CRUK0048_SU_T1-R3	chr6	57244665	57254803	4	3
CRUK0048_SU_T1-R3	chr6	65149185	73905177	3	2
CRUK0048_SU_T1-R3	chr6	74073460	74446268	2	2
CRUK0048_SU_T1-R3	chr6	74466299	83076031	2	2
CRUK0048_SU_T1-R3	chr6	83666927	88273970	2	1
CRUK0048_SU_T1-R3	chr6	88274000	88410955	2	2
CRUK0048_SU_T1-R3	chr6	88763648	116875149	2	1
CRUK0048_SU_T1-R3	chr6	117591619	117679105	9	5
CRUK0048_SU_T1-R3	chr6	117679249	131540966	2	1
CRUK0048_SU_T1-R3	chr6	131574195	135271275	2	2
CRUK0048_SU_T1-R3	chr6	135286293	139695061	2	2
CRUK0048_SU_T1-R3	chr6	141005059	143382110	2	1
CRUK0048_SU_T1-R3	chr6	143771821	152805937	2	1
CRUK0048_SU_T1-R3	chr6	152809527	161173962	2	1
CRUK0048_SU_T1-R3	chr6	161413211	163235351	2	1
CRUK0048_SU_T1-R3	chr6	163418400	170893697	2	1
CRUK0048_SU_T1-R3	chr7	193245	618855	2	2
CRUK0048_SU_T1-R3	chr7	624211	1192792	2	2
CRUK0048_SU_T1-R3	chr7	1195322	3205758	2	2
CRUK0048_SU_T1-R3	chr7	3205763	4056857	2	2
CRUK0048_SU_T1-R3	chr7	4056923	6456518	2	2
CRUK0048_SU_T1-R3	chr7	6470032	53104297	2	2
CRUK0048_SU_T1-R3	chr7	53930146	55560207	8	2
CRUK0048_SU_T1-R3	chr7	55565221	55832454	9	2
CRUK0048_SU_T1-R3	chr7	55832480	57529604	2	2
CRUK0048_SU_T1-R3	chr7	62910177	76071003	2	2
CRUK0048_SU_T1-R3	chr7	76111835	76751252	3	3
CRUK0048_SU_T1-R3	chr7	76866468	129079706	2	2
CRUK0048_SU_T1-R3	chr7	129079918	142334353	2	2
CRUK0048_SU_T1-R3	chr7	142334431	142480002	3	2
CRUK0048_SU_T1-R3	chr7	142493977	148463843	2	2
CRUK0048_SU_T1-R3	chr7	148463860	148947733	2	2
CRUK0048_SU_T1-R3	chr7	148947878	159025874	2	2
CRUK0048_SU_T1-R3	chr8	182785	29207845	2	0
CRUK0048_SU_T1-R3	chr8	29207872	43197438	2	0
CRUK0048_SU_T1-R3	chr8	47752730	61139427	3	2
CRUK0048_SU_T1-R3	chr8	61144740	62003593	3	2
CRUK0048_SU_T1-R3	chr8	62204757	73849870	3	2
CRUK0048_SU_T1-R3	chr8	73849987	75737733	4	2
CRUK0048_SU_T1-R3	chr8	80965472	120613814	3	2
CRUK0048_SU_T1-R3	chr8	120685355	121483224	2	0
CRUK0048_SU_T1-R3	chr8	121500381	124035861	5	2
CRUK0048_SU_T1-R3	chr8	124037107	128099418	7	2
CRUK0048_SU_T1-R3	chr8	128428823	131414095	8	2
CRUK0048_SU_T1-R3	chr8	131414257	133985050	4	2
CRUK0048_SU_T1-R3	chr8	133985059	139144766	7	2
CRUK0048_SU_T1-R3	chr8	139144777	146279571	4	2
CRUK0048_SU_T1-R3	chr9	154795	43816656	2	1
CRUK0048_SU_T1-R3	chr9	65602563	71998489	2	1
CRUK0048_SU_T1-R3	chr9	71998569	114366094	2	0
CRUK0048_SU_T1-R3	chr9	114371322	114825450	2	1
CRUK0048_SU_T1-R3	chr9	114865381	116153900	2	0
CRUK0048_SU_T1-R3	chr9	116155811	120474678	2	2
CRUK0048_SU_T1-R3	chr9	120474721	130487075	2	2
CRUK0048_SU_T1-R3	chr9	130488512	134735987	2	2
CRUK0048_SU_T1-R3	chr9	134736103	138679895	2	0
CRUK0048_SU_T1-R3	chr9	138679911	139231312	2	0
CRUK0048_SU_T1-R3	chr9	139231320	141070335	2	0
CRUK0048_SU_T1-R3	chr10	95074	26355862	2	2
CRUK0048_SU_T1-R3	chr10	26355872	26356067	2	2
CRUK0048_SU_T1-R3	chr10	26357721	32197773	2	2
CRUK0048_SU_T1-R3	chr10	32304591	32317327	12	12
CRUK0048_SU_T1-R3	chr10	32320002	39254934	2	2
CRUK0048_SU_T1-R3	chr10	43119123	45869910	2	1
CRUK0048_SU_T1-R3	chr10	45877899	85958920	2	1
CRUK0048_SU_T1-R3	chr10	85960265	86018398	2	1
CRUK0048_SU_T1-R3	chr10	86130899	123239221	2	1
CRUK0048_SU_T1-R3	chr10	123239751	123242967	12	8
CRUK0048_SU_T1-R3	chr10	123243197	135381927	2	1
CRUK0048_SU_T1-R3	chr11	193863	224219	2	0
CRUK0048_SU_T1-R3	chr11	230348	1096301	2	0
CRUK0048_SU_T1-R3	chr11	1096368	1575760	2	0
CRUK0048_SU_T1-R3	chr11	1576283	1651760	3	0
CRUK0048_SU_T1-R3	chr11	1718833	1950302	2	0
CRUK0048_SU_T1-R3	chr11	2016619	2017362	2	0
CRUK0048_SU_T1-R3	chr11	2017439	2018476	2	0
CRUK0048_SU_T1-R3	chr11	2018853	48328651	2	0
CRUK0048_SU_T1-R3	chr11	48346495	48997223	1	1
CRUK0048_SU_T1-R3	chr11	48997303	49401052	3	0
CRUK0048_SU_T1-R3	chr11	49597972	50003245	2	0
CRUK0048_SU_T1-R3	chr11	55136019	61907909	2	2
CRUK0048_SU_T1-R3	chr11	61908139	62037726	2	2
CRUK0048_SU_T1-R3	chr11	62038311	66324531	2	2
CRUK0048_SU_T1-R3	chr11	66324583	66329138	2	2
CRUK0048_SU_T1-R3	chr11	66329501	67020889	2	2
CRUK0048_SU_T1-R3	chr11	67020910	71259882	2	2
CRUK0048_SU_T1-R3	chr11	71259963	71627096	3	3
CRUK0048_SU_T1-R3	chr11	71627159	75111880	2	2
CRUK0048_SU_T1-R3	chr11	75112783	89371874	2	2
CRUK0048_SU_T1-R3	chr11	89372202	89431713	3	2
CRUK0048_SU_T1-R3	chr11	89451071	114401579	2	2
CRUK0048_SU_T1-R3	chr11	114401611	114441639	2	2
CRUK0048_SU_T1-R3	chr11	114441698	134856707	2	2
CRUK0048_SU_T1-R3	chr12	208351	6161611	2	2
CRUK0048_SU_T1-R3	chr12	6161792	6562588	2	2
CRUK0048_SU_T1-R3	chr12	6562652	6879278	2	2
CRUK0048_SU_T1-R3	chr12	6879279	34856693	2	2
CRUK0048_SU_T1-R3	chr12	37856695	40671994	2	2
CRUK0048_SU_T1-R3	chr12	40677650	51722479	2	2
CRUK0048_SU_T1-R3	chr12	51723468	52710539	2	2
CRUK0048_SU_T1-R3	chr12	52710607	52711590	2	2
CRUK0048_SU_T1-R3	chr12	52711624	62861135	2	2
CRUK0048_SU_T1-R3	chr12	62864417	80855853	2	2
CRUK0048_SU_T1-R3	chr12	80855856	117977781	2	2
CRUK0048_SU_T1-R3	chr12	117993064	133438274	2	2
CRUK0048_SU_T1-R3	chr12	133438277	133810949	2	2
CRUK0048_SU_T1-R3	chr13	19600440	25016677	2	0
CRUK0048_SU_T1-R3	chr13	25016687	53608623	2	0
CRUK0048_SU_T1-R3	chr13	60348312	111996602	2	0
CRUK0048_SU_T1-R3	chr13	112278246	114508032	2	0
CRUK0048_SU_T1-R3	chr13	114514690	115091783	2	0
CRUK0048_SU_T1-R3	chr14	20443649	22337119	2	2
CRUK0048_SU_T1-R3	chr14	22520692	22992694	2	2
CRUK0048_SU_T1-R3	chr14	22998563	53124734	2	2
CRUK0048_SU_T1-R3	chr14	56078958	71543089	2	0
CRUK0048_SU_T1-R3	chr14	71555172	107283126	2	2
CRUK0048_SU_T1-R3	chr15	20169972	42145904	2	2
CRUK0048_SU_T1-R3	chr15	42145936	42291711	2	2
CRUK0048_SU_T1-R3	chr15	42298153	42374031	2	2
CRUK0048_SU_T1-R3	chr15	42374448	42442910	2	2
CRUK0048_SU_T1-R3	chr15	42442999	42579949	2	2
CRUK0048_SU_T1-R3	chr15	42579984	84771649	2	2
CRUK0048_SU_T1-R3	chr15	84773393	90796704	2	2
CRUK0048_SU_T1-R3	chr15	90798953	102389791	2	2
CRUK0048_SU_T1-R3	chr16	97409	227187	4	2
CRUK0048_SU_T1-R3	chr16	323016	2003988	2	2
CRUK0048_SU_T1-R3	chr16	2004002	2161137	2	2
CRUK0048_SU_T1-R3	chr16	2161150	2986323	2	2
CRUK0048_SU_T1-R3	chr16	2986431	3166382	2	2
CRUK0048_SU_T1-R3	chr16	3166467	34682405	2	2
CRUK0048_SU_T1-R3	chr16	46508175	75688334	2	2
CRUK0048_SU_T1-R3	chr16	75690064	81891998	2	2
CRUK0048_SU_T1-R3	chr16	81892708	84531746	2	2
CRUK0048_SU_T1-R3	chr16	84623864	88809480	2	2
CRUK0048_SU_T1-R3	chr16	88809686	88872631	2	2
CRUK0048_SU_T1-R3	chr16	88872794	89180902	2	2
CRUK0048_SU_T1-R3	chr16	89187204	89598407	2	2
CRUK0048_SU_T1-R3	chr16	89598896	89927224	2	2
CRUK0048_SU_T1-R3	chr16	89927265	90161262	2	2
CRUK0048_SU_T1-R3	chr17	5953	8065048	2	2
CRUK0048_SU_T1-R3	chr17	8065559	8076967	2	2
CRUK0048_SU_T1-R3	chr17	8077542	8707534	2	2
CRUK0048_SU_T1-R3	chr17	8736330	10633269	4	2
CRUK0048_SU_T1-R3	chr17	11144826	11827369	2	1
CRUK0048_SU_T1-R3	chr17	11833159	15668720	2	0
CRUK0048_SU_T1-R3	chr17	15668775	21147561	2	0
CRUK0048_SU_T1-R3	chr17	21201719	21319110	1	1
CRUK0048_SU_T1-R3	chr17	25620868	39155813	2	2
CRUK0048_SU_T1-R3	chr17	39155882	39240887	2	2
CRUK0048_SU_T1-R3	chr17	39240948	72939510	2	2
CRUK0048_SU_T1-R3	chr17	72939592	81083520	2	2
CRUK0048_SU_T1-R3	chr18	158494	15004191	2	2
CRUK0048_SU_T1-R3	chr18	18650470	57136902	2	0
CRUK0048_SU_T1-R3	chr18	57147351	77960841	2	0
CRUK0048_SU_T1-R3	chr19	281376	731078	2	0
CRUK0048_SU_T1-R3	chr19	731144	1622477	2	0
CRUK0048_SU_T1-R3	chr19	1623882	2917613	2	0
CRUK0048_SU_T1-R3	chr19	2917798	3762698	2	0
CRUK0048_SU_T1-R3	chr19	3762705	3831476	2	0
CRUK0048_SU_T1-R3	chr19	3831525	5892434	2	0
CRUK0048_SU_T1-R3	chr19	5892461	9033816	2	0
CRUK0048_SU_T1-R3	chr19	9037991	10080141	2	0
CRUK0048_SU_T1-R3	chr19	10080210	10203476	2	0
CRUK0048_SU_T1-R3	chr19	10204034	11242011	2	0
CRUK0048_SU_T1-R3	chr19	11411868	11475282	1	0
CRUK0048_SU_T1-R3	chr19	11526765	12541035	2	0
CRUK0048_SU_T1-R3	chr19	12541191	12551674	3	0
CRUK0048_SU_T1-R3	chr19	12551703	15083597	2	0
CRUK0048_SU_T1-R3	chr19	15083645	16344979	2	0
CRUK0048_SU_T1-R3	chr19	16345075	19869119	2	0
CRUK0048_SU_T1-R3	chr19	19905376	21129250	2	0
CRUK0048_SU_T1-R3	chr19	21131560	21326416	3	0
CRUK0048_SU_T1-R3	chr19	21349311	24345141	2	2
CRUK0048_SU_T1-R3	chr19	29567046	46270317	2	2
CRUK0048_SU_T1-R3	chr19	46271500	48250125	2	2
CRUK0048_SU_T1-R3	chr19	48250197	48259278	2	2
CRUK0048_SU_T1-R3	chr19	48374635	59083902	2	2
CRUK0048_SU_T1-R3	chr20	68264	17492556	2	2
CRUK0048_SU_T1-R3	chr20	17492755	18506616	2	1
CRUK0048_SU_T1-R3	chr20	18507066	26369568	2	2
CRUK0048_SU_T1-R3	chr20	29369570	56826020	2	2
CRUK0048_SU_T1-R3	chr20	56826158	61640656	2	2
CRUK0048_SU_T1-R3	chr20	61711484	61881438	2	2
CRUK0048_SU_T1-R3	chr20	61885459	62959363	2	2
CRUK0048_SU_T1-R3	chr21	14288130	45951453	3	2
CRUK0048_SU_T1-R3	chr21	45999835	46074197	4	3
CRUK0048_SU_T1-R3	chr21	46074202	46117826	3	2
CRUK0048_SU_T1-R3	chr21	46131296	48084340	3	2
CRUK0048_SU_T1-R3	chr22	17052949	33327522	2	2
CRUK0048_SU_T1-R3	chr22	33376632	40425625	2	2
CRUK0048_SU_T1-R3	chr22	40521725	40759172	2	1
CRUK0048_SU_T1-R3	chr22	40798064	51219216	2	2
CRUK0048_BR_T1-R1	chr1	762496	1824052	3	2
CRUK0048_BR_T1-R1	chr1	1846852	3331272	2	1
CRUK0048_BR_T1-R1	chr1	3334493	8037702	2	1
CRUK0048_BR_T1-R1	chr1	8044905	17380551	2	1
CRUK0048_BR_T1-R1	chr1	17395508	17603149	2	1
CRUK0048_BR_T1-R1	chr1	17603240	35451017	2	1
CRUK0048_BR_T1-R1	chr1	35452702	39988896	2	2
CRUK0048_BR_T1-R1	chr1	39991427	121310061	2	2
CRUK0048_BR_T1-R1	chr1	144860026	144871889	2	2
CRUK0048_BR_T1-R1	chr1	144873887	144930940	2	2
CRUK0048_BR_T1-R1	chr1	145522859	146320811	2	1
CRUK0048_BR_T1-R1	chr1	146514422	150679033	10	1
CRUK0048_BR_T1-R1	chr1	150683978	154030638	6	1
CRUK0048_BR_T1-R1	chr1	154034201	154285052	8	1
CRUK0048_BR_T1-R1	chr1	154285078	155014223	10	1
CRUK0048_BR_T1-R1	chr1	155015736	228112049	4	1
CRUK0048_BR_T1-R1	chr1	228129197	228399519	2	1
CRUK0048_BR_T1-R1	chr1	228400063	244773734	4	1
CRUK0048_BR_T1-R1	chr1	244773784	245927482	3	1
CRUK0048_BR_T1-R1	chr1	246714487	246942107	4	0
CRUK0048_BR_T1-R1	chr1	246942159	247202818	4	2
CRUK0048_BR_T1-R1	chr1	247263639	249212481	4	0
CRUK0048_BR_T1-R1	chr2	41509	40402554	2	1
CRUK0048_BR_T1-R1	chr2	43009931	92326170	2	1
CRUK0048_BR_T1-R1	chr2	95326172	97652090	2	1
CRUK0048_BR_T1-R1	chr2	97757509	98206193	2	1
CRUK0048_BR_T1-R1	chr2	98273661	168115821	2	1
CRUK0048_BR_T1-R1	chr2	168725479	170112660	2	1
CRUK0048_BR_T1-R1	chr2	170113538	186653781	2	1
CRUK0048_BR_T1-R1	chr2	186653954	186678887	2	1
CRUK0048_BR_T1-R1	chr2	186680041	205912496	2	1
CRUK0048_BR_T1-R1	chr2	205969023	207516752	2	1
CRUK0048_BR_T1-R1	chr2	207527544	216198226	2	1
CRUK0048_BR_T1-R1	chr2	216199548	242946562	2	1
CRUK0048_BR_T1-R1	chr3	239347	29628590	2	1
CRUK0048_BR_T1-R1	chr3	29628639	35730903	2	0
CRUK0048_BR_T1-R1	chr3	35731560	71102981	2	0
CRUK0048_BR_T1-R1	chr3	71745688	75986874	2	1
CRUK0048_BR_T1-R1	chr3	77147112	90276604	4	2
CRUK0048_BR_T1-R1	chr3	93715641	107096768	2	2
CRUK0048_BR_T1-R1	chr3	107492023	147131269	2	1
CRUK0048_BR_T1-R1	chr3	148458807	191087740	2	1
CRUK0048_BR_T1-R1	chr3	191093434	191100568	2	1
CRUK0048_BR_T1-R1	chr3	192517061	197765456	2	1
CRUK0048_BR_T1-R1	chr4	85704	3344300	2	1
CRUK0048_BR_T1-R1	chr4	3344337	3590595	2	2
CRUK0048_BR_T1-R1	chr4	3590683	5461913	2	1
CRUK0048_BR_T1-R1	chr4	5527102	28364213	2	2
CRUK0048_BR_T1-R1	chr4	28821161	48906556	2	2
CRUK0048_BR_T1-R1	chr4	52660118	56738148	2	2
CRUK0048_BR_T1-R1	chr4	56738887	100045716	2	2
CRUK0048_BR_T1-R1	chr4	100047812	100125420	2	2
CRUK0048_BR_T1-R1	chr4	100126147	135122340	2	2
CRUK0048_BR_T1-R1	chr4	138442265	144390423	2	2
CRUK0048_BR_T1-R1	chr4	144435197	144474295	2	1
CRUK0048_BR_T1-R1	chr4	144498768	178363355	2	2
CRUK0048_BR_T1-R1	chr4	178363378	184596003	2	2
CRUK0048_BR_T1-R1	chr4	184596290	190878661	2	2
CRUK0048_BR_T1-R1	chr5	140532	889095	3	1
CRUK0048_BR_T1-R1	chr5	889130	896725	3	1
CRUK0048_BR_T1-R1	chr5	896726	33649883	3	1
CRUK0048_BR_T1-R1	chr5	33936765	42565904	3	2
CRUK0048_BR_T1-R1	chr5	42565967	46405640	2	2
CRUK0048_BR_T1-R1	chr5	49405642	73339193	2	2
CRUK0048_BR_T1-R1	chr5	73930550	75621279	2	0
CRUK0048_BR_T1-R1	chr5	75699431	88215116	2	2
CRUK0048_BR_T1-R1	chr5	89312407	161580296	2	0
CRUK0048_BR_T1-R1	chr5	162868970	169468141	2	2
CRUK0048_BR_T1-R1	chr5	169482219	169810736	4	2
CRUK0048_BR_T1-R1	chr5	169810966	180687830	2	2
CRUK0048_BR_T1-R1	chr6	203397	1610851	4	1
CRUK0048_BR_T1-R1	chr6	1610887	25682283	4	1
CRUK0048_BR_T1-R1	chr6	25689267	25983905	4	1
CRUK0048_BR_T1-R1	chr6	26017708	26413714	4	1
CRUK0048_BR_T1-R1	chr6	33553455	41010938	4	1
CRUK0048_BR_T1-R1	chr6	41011309	41310775	4	1
CRUK0048_BR_T1-R1	chr6	41318424	42930600	4	1
CRUK0048_BR_T1-R1	chr6	42931105	43488836	4	1
CRUK0048_BR_T1-R1	chr6	43488889	43752503	4	1
CRUK0048_BR_T1-R1	chr6	43968412	46826646	4	1
CRUK0048_BR_T1-R1	chr6	46826715	47591983	4	1
CRUK0048_BR_T1-R1	chr6	47624239	56846774	4	1
CRUK0048_BR_T1-R1	chr6	57244665	57254803	3	2
CRUK0048_BR_T1-R1	chr6	65149185	73905177	2	1
CRUK0048_BR_T1-R1	chr6	74073460	74446268	1	1
CRUK0048_BR_T1-R1	chr6	74466299	83076031	1	1
CRUK0048_BR_T1-R1	chr6	83666927	88273970	1	1
CRUK0048_BR_T1-R1	chr6	88274000	88410955	1	1
CRUK0048_BR_T1-R1	chr6	88763648	116875149	1	1
CRUK0048_BR_T1-R1	chr6	117591619	117679105	1	1
CRUK0048_BR_T1-R1	chr6	117679249	131540966	1	1
CRUK0048_BR_T1-R1	chr6	131574195	135271275	1	1
CRUK0048_BR_T1-R1	chr6	135286293	139695061	1	1
CRUK0048_BR_T1-R1	chr6	141005059	143382110	1	1
CRUK0048_BR_T1-R1	chr6	143771821	152805937	2	1
CRUK0048_BR_T1-R1	chr6	152809527	161173962	1	1
CRUK0048_BR_T1-R1	chr6	161413211	163235351	2	0
CRUK0048_BR_T1-R1	chr6	163418400	170893697	1	1
CRUK0048_BR_T1-R1	chr7	193245	618855	2	1
CRUK0048_BR_T1-R1	chr7	624211	1192792	2	1
CRUK0048_BR_T1-R1	chr7	1195322	3205758	2	2
CRUK0048_BR_T1-R1	chr7	3205763	4056857	2	2
CRUK0048_BR_T1-R1	chr7	4056923	6456518	2	2
CRUK0048_BR_T1-R1	chr7	6470032	53104297	2	2
CRUK0048_BR_T1-R1	chr7	53930146	55560207	2	2
CRUK0048_BR_T1-R1	chr7	55565221	55832454	2	2
CRUK0048_BR_T1-R1	chr7	55832480	57529604	2	2
CRUK0048_BR_T1-R1	chr7	62910177	76071003	2	2
CRUK0048_BR_T1-R1	chr7	76111835	76751252	2	2
CRUK0048_BR_T1-R1	chr7	76866468	129079706	2	2
CRUK0048_BR_T1-R1	chr7	129079918	142334353	2	2
CRUK0048_BR_T1-R1	chr7	142334431	142480002	3	2
CRUK0048_BR_T1-R1	chr7	142493977	148463843	2	2
CRUK0048_BR_T1-R1	chr7	148463860	148947733	2	2
CRUK0048_BR_T1-R1	chr7	148947878	159025874	2	2
CRUK0048_BR_T1-R1	chr8	182785	29207845	2	0
CRUK0048_BR_T1-R1	chr8	29207872	43197438	1	0
CRUK0048_BR_T1-R1	chr8	47752730	61139427	2	1
CRUK0048_BR_T1-R1	chr8	61144740	62003593	1	1
CRUK0048_BR_T1-R1	chr8	62204757	73849870	2	1
CRUK0048_BR_T1-R1	chr8	73849987	75737733	2	1
CRUK0048_BR_T1-R1	chr8	80965472	120613814	2	1
CRUK0048_BR_T1-R1	chr8	120685355	121483224	1	0
CRUK0048_BR_T1-R1	chr8	121500381	124035861	4	1
CRUK0048_BR_T1-R1	chr8	124037107	128099418	6	1
CRUK0048_BR_T1-R1	chr8	128428823	131414095	8	1
CRUK0048_BR_T1-R1	chr8	131414257	133985050	4	1
CRUK0048_BR_T1-R1	chr8	133985059	139144766	6	1
CRUK0048_BR_T1-R1	chr8	139144777	146279571	4	1
CRUK0048_BR_T1-R1	chr9	154795	43816656	2	2
CRUK0048_BR_T1-R1	chr9	65602563	71998489	2	0
CRUK0048_BR_T1-R1	chr9	71998569	114366094	2	0
CRUK0048_BR_T1-R1	chr9	114371322	114825450	2	1
CRUK0048_BR_T1-R1	chr9	114865381	116153900	2	0
CRUK0048_BR_T1-R1	chr9	116155811	120474678	2	1
CRUK0048_BR_T1-R1	chr9	120474721	130487075	2	1
CRUK0048_BR_T1-R1	chr9	130488512	134735987	2	1
CRUK0048_BR_T1-R1	chr9	134736103	138679895	2	0
CRUK0048_BR_T1-R1	chr9	138679911	139231312	2	0
CRUK0048_BR_T1-R1	chr9	139231320	141070335	2	0
CRUK0048_BR_T1-R1	chr10	95074	26355862	2	2
CRUK0048_BR_T1-R1	chr10	26355872	26356067	1	1
CRUK0048_BR_T1-R1	chr10	26357721	32197773	2	2
CRUK0048_BR_T1-R1	chr10	32304591	32317327	2	2
CRUK0048_BR_T1-R1	chr10	32320002	39254934	2	2
CRUK0048_BR_T1-R1	chr10	43119123	45869910	2	1
CRUK0048_BR_T1-R1	chr10	45877899	85958920	2	2
CRUK0048_BR_T1-R1	chr10	85960265	86018398	2	2
CRUK0048_BR_T1-R1	chr10	86130899	123239221	2	2
CRUK0048_BR_T1-R1	chr10	123239751	123242967	2	2
CRUK0048_BR_T1-R1	chr10	123243197	135381927	2	2
CRUK0048_BR_T1-R1	chr11	193863	224219	1	0
CRUK0048_BR_T1-R1	chr11	230348	1096301	2	0
CRUK0048_BR_T1-R1	chr11	1096368	1575760	2	0
CRUK0048_BR_T1-R1	chr11	1576283	1651760	2	0
CRUK0048_BR_T1-R1	chr11	1718833	1950302	2	0
CRUK0048_BR_T1-R1	chr11	2016619	2017362	2	0
CRUK0048_BR_T1-R1	chr11	2017439	2018476	3	0
CRUK0048_BR_T1-R1	chr11	2018853	48328651	2	0
CRUK0048_BR_T1-R1	chr11	48346495	48997223	1	1
CRUK0048_BR_T1-R1	chr11	48997303	49401052	2	0
CRUK0048_BR_T1-R1	chr11	49597972	50003245	2	0
CRUK0048_BR_T1-R1	chr11	55136019	61907909	2	2
CRUK0048_BR_T1-R1	chr11	61908139	62037726	2	2
CRUK0048_BR_T1-R1	chr11	62038311	66324531	2	2
CRUK0048_BR_T1-R1	chr11	66324583	66329138	3	2
CRUK0048_BR_T1-R1	chr11	66329501	67020889	2	2
CRUK0048_BR_T1-R1	chr11	67020910	71259882	2	2
CRUK0048_BR_T1-R1	chr11	71259963	71627096	2	2
CRUK0048_BR_T1-R1	chr11	71627159	75111880	2	2
CRUK0048_BR_T1-R1	chr11	75112783	89371874	2	2
CRUK0048_BR_T1-R1	chr11	89372202	89431713	2	2
CRUK0048_BR_T1-R1	chr11	89451071	114401579	2	2
CRUK0048_BR_T1-R1	chr11	114401611	114441639	3	2
CRUK0048_BR_T1-R1	chr11	114441698	134856707	2	2
CRUK0048_BR_T1-R1	chr12	208351	6161611	2	2
CRUK0048_BR_T1-R1	chr12	6161792	6562588	2	2
CRUK0048_BR_T1-R1	chr12	6562652	6879278	2	2
CRUK0048_BR_T1-R1	chr12	6879279	34856693	2	2
CRUK0048_BR_T1-R1	chr12	37856695	40671994	2	2
CRUK0048_BR_T1-R1	chr12	40677650	51722479	2	2
CRUK0048_BR_T1-R1	chr12	51723468	52710539	2	2
CRUK0048_BR_T1-R1	chr12	52710607	52711590	3	3
CRUK0048_BR_T1-R1	chr12	52711624	62861135	2	2
CRUK0048_BR_T1-R1	chr12	62864417	80855853	2	2
CRUK0048_BR_T1-R1	chr12	80855856	117977781	2	2
CRUK0048_BR_T1-R1	chr12	117993064	133438274	2	2
CRUK0048_BR_T1-R1	chr12	133438277	133810949	2	2
CRUK0048_BR_T1-R1	chr13	19600440	25016677	2	0
CRUK0048_BR_T1-R1	chr13	25016687	53608623	3	0
CRUK0048_BR_T1-R1	chr13	60348312	111996602	3	0
CRUK0048_BR_T1-R1	chr13	112278246	114508032	1	0
CRUK0048_BR_T1-R1	chr13	114514690	115091783	3	0
CRUK0048_BR_T1-R1	chr14	20443649	22337119	2	2
CRUK0048_BR_T1-R1	chr14	22520692	22992694	2	2
CRUK0048_BR_T1-R1	chr14	22998563	53124734	2	2
CRUK0048_BR_T1-R1	chr14	56078958	71543089	2	0
CRUK0048_BR_T1-R1	chr14	71555172	107283126	2	2
CRUK0048_BR_T1-R1	chr15	20169972	42145904	2	1
CRUK0048_BR_T1-R1	chr15	42145936	42291711	2	1
CRUK0048_BR_T1-R1	chr15	42298153	42374031	2	1
CRUK0048_BR_T1-R1	chr15	42374448	42442910	2	1
CRUK0048_BR_T1-R1	chr15	42442999	42579949	2	1
CRUK0048_BR_T1-R1	chr15	42579984	84771649	2	1
CRUK0048_BR_T1-R1	chr15	84773393	90796704	2	1
CRUK0048_BR_T1-R1	chr15	90798953	102389791	2	1
CRUK0048_BR_T1-R1	chr16	97409	227187	3	2
CRUK0048_BR_T1-R1	chr16	323016	2003988	2	2
CRUK0048_BR_T1-R1	chr16	2004002	2161137	2	2
CRUK0048_BR_T1-R1	chr16	2161150	2986323	2	2
CRUK0048_BR_T1-R1	chr16	2986431	3166382	2	2
CRUK0048_BR_T1-R1	chr16	3166467	34682405	2	2
CRUK0048_BR_T1-R1	chr16	46508175	75688334	2	2
CRUK0048_BR_T1-R1	chr16	75690064	81891998	2	2
CRUK0048_BR_T1-R1	chr16	81892708	84531746	2	2
CRUK0048_BR_T1-R1	chr16	84623864	88809480	2	2
CRUK0048_BR_T1-R1	chr16	88809686	88872631	2	2
CRUK0048_BR_T1-R1	chr16	88872794	89180902	3	2
CRUK0048_BR_T1-R1	chr16	89187204	89598407	2	2
CRUK0048_BR_T1-R1	chr16	89598896	89927224	2	2
CRUK0048_BR_T1-R1	chr16	89927265	90161262	2	2
CRUK0048_BR_T1-R1	chr17	5953	8065048	2	1
CRUK0048_BR_T1-R1	chr17	8065559	8076967	2	1
CRUK0048_BR_T1-R1	chr17	8077542	8707534	2	1
CRUK0048_BR_T1-R1	chr17	8736330	10633269	2	2
CRUK0048_BR_T1-R1	chr17	11144826	11827369	2	1
CRUK0048_BR_T1-R1	chr17	11833159	15668720	2	0
CRUK0048_BR_T1-R1	chr17	15668775	21147561	2	0
CRUK0048_BR_T1-R1	chr17	21201719	21319110	1	1
CRUK0048_BR_T1-R1	chr17	25620868	39155813	2	2
CRUK0048_BR_T1-R1	chr17	39155882	39240887	2	2
CRUK0048_BR_T1-R1	chr17	39240948	72939510	2	2
CRUK0048_BR_T1-R1	chr17	72939592	81083520	2	2
CRUK0048_BR_T1-R1	chr18	158494	15004191	2	1
CRUK0048_BR_T1-R1	chr18	18650470	57136902	2	0
CRUK0048_BR_T1-R1	chr18	57147351	77960841	2	0
CRUK0048_BR_T1-R1	chr19	281376	731078	2	0
CRUK0048_BR_T1-R1	chr19	731144	1622477	2	0
CRUK0048_BR_T1-R1	chr19	1623882	2917613	2	0
CRUK0048_BR_T1-R1	chr19	2917798	3762698	2	0
CRUK0048_BR_T1-R1	chr19	3762705	3831476	2	0
CRUK0048_BR_T1-R1	chr19	3831525	5892434	2	0
CRUK0048_BR_T1-R1	chr19	5892461	9033816	2	0
CRUK0048_BR_T1-R1	chr19	9037991	10080141	2	0
CRUK0048_BR_T1-R1	chr19	10080210	10203476	2	0
CRUK0048_BR_T1-R1	chr19	10204034	11242011	2	0
CRUK0048_BR_T1-R1	chr19	11411868	11475282	1	0
CRUK0048_BR_T1-R1	chr19	11526765	12541035	2	0
CRUK0048_BR_T1-R1	chr19	12541191	12551674	3	0
CRUK0048_BR_T1-R1	chr19	12551703	15083597	2	0
CRUK0048_BR_T1-R1	chr19	15083645	16344979	2	0
CRUK0048_BR_T1-R1	chr19	16345075	19869119	2	0
CRUK0048_BR_T1-R1	chr19	19905376	21129250	2	0
CRUK0048_BR_T1-R1	chr19	21131560	21326416	3	0
CRUK0048_BR_T1-R1	chr19	21349311	24345141	2	1
CRUK0048_BR_T1-R1	chr19	29567046	46270317	2	1
CRUK0048_BR_T1-R1	chr19	46271500	48250125	2	1
CRUK0048_BR_T1-R1	chr19	48250197	48259278	2	1
CRUK0048_BR_T1-R1	chr19	48374635	59083902	2	1
CRUK0048_BR_T1-R1	chr20	68264	17492556	2	2
CRUK0048_BR_T1-R1	chr20	17492755	18506616	2	2
CRUK0048_BR_T1-R1	chr20	18507066	26369568	2	2
CRUK0048_BR_T1-R1	chr20	29369570	56826020	2	2
CRUK0048_BR_T1-R1	chr20	56826158	61640656	2	2
CRUK0048_BR_T1-R1	chr20	61711484	61881438	2	2
CRUK0048_BR_T1-R1	chr20	61885459	62959363	2	2
CRUK0048_BR_T1-R1	chr21	14288130	45951453	2	2
CRUK0048_BR_T1-R1	chr21	45999835	46074197	2	2
CRUK0048_BR_T1-R1	chr21	46074202	46117826	2	2
CRUK0048_BR_T1-R1	chr21	46131296	48084340	2	2
CRUK0048_BR_T1-R1	chr22	17052949	33327522	2	2
CRUK0048_BR_T1-R1	chr22	33376632	40425625	2	2
CRUK0048_BR_T1-R1	chr22	40521725	40759172	2	1
CRUK0048_BR_T1-R1	chr22	40798064	51219216	2	2
CRUK0048_BR_T1-R2	chr1	762496	1824052	3	1
CRUK0048_BR_T1-R2	chr1	1846852	3331272	2	1
CRUK0048_BR_T1-R2	chr1	3334493	8037702	2	1
CRUK0048_BR_T1-R2	chr1	8044905	17380551	2	1
CRUK0048_BR_T1-R2	chr1	17395508	17603149	2	1
CRUK0048_BR_T1-R2	chr1	17603240	35451017	2	1
CRUK0048_BR_T1-R2	chr1	35452702	39988896	2	1
CRUK0048_BR_T1-R2	chr1	39991427	121310061	2	1
CRUK0048_BR_T1-R2	chr1	144860026	144871889	2	1
CRUK0048_BR_T1-R2	chr1	144873887	144930940	1	1
CRUK0048_BR_T1-R2	chr1	145522859	146320811	2	1
CRUK0048_BR_T1-R2	chr1	146514422	150679033	10	1
CRUK0048_BR_T1-R2	chr1	150683978	154030638	6	1
CRUK0048_BR_T1-R2	chr1	154034201	154285052	8	1
CRUK0048_BR_T1-R2	chr1	154285078	155014223	10	1
CRUK0048_BR_T1-R2	chr1	155015736	228112049	4	1
CRUK0048_BR_T1-R2	chr1	228129197	228399519	2	1
CRUK0048_BR_T1-R2	chr1	228400063	244773734	4	1
CRUK0048_BR_T1-R2	chr1	244773784	245927482	4	1
CRUK0048_BR_T1-R2	chr1	246714487	246942107	4	0
CRUK0048_BR_T1-R2	chr1	246942159	247202818	4	2
CRUK0048_BR_T1-R2	chr1	247263639	249212481	4	0
CRUK0048_BR_T1-R2	chr2	41509	40402554	2	1
CRUK0048_BR_T1-R2	chr2	43009931	92326170	2	1
CRUK0048_BR_T1-R2	chr2	95326172	97652090	2	1
CRUK0048_BR_T1-R2	chr2	97757509	98206193	2	1
CRUK0048_BR_T1-R2	chr2	98273661	168115821	2	1
CRUK0048_BR_T1-R2	chr2	168725479	170112660	2	1
CRUK0048_BR_T1-R2	chr2	170113538	186653781	2	1
CRUK0048_BR_T1-R2	chr2	186653954	186678887	2	1
CRUK0048_BR_T1-R2	chr2	186680041	205912496	2	1
CRUK0048_BR_T1-R2	chr2	205969023	207516752	2	1
CRUK0048_BR_T1-R2	chr2	207527544	216198226	2	1
CRUK0048_BR_T1-R2	chr2	216199548	242946562	2	1
CRUK0048_BR_T1-R2	chr3	239347	29628590	2	2
CRUK0048_BR_T1-R2	chr3	29628639	35730903	2	0
CRUK0048_BR_T1-R2	chr3	35731560	71102981	2	0
CRUK0048_BR_T1-R2	chr3	71745688	75986874	2	2
CRUK0048_BR_T1-R2	chr3	77147112	90276604	5	2
CRUK0048_BR_T1-R2	chr3	93715641	107096768	2	2
CRUK0048_BR_T1-R2	chr3	107492023	147131269	2	1
CRUK0048_BR_T1-R2	chr3	148458807	191087740	2	1
CRUK0048_BR_T1-R2	chr3	191093434	191100568	2	1
CRUK0048_BR_T1-R2	chr3	192517061	197765456	2	1
CRUK0048_BR_T1-R2	chr4	85704	3344300	2	2
CRUK0048_BR_T1-R2	chr4	3344337	3590595	2	2
CRUK0048_BR_T1-R2	chr4	3590683	5461913	2	1
CRUK0048_BR_T1-R2	chr4	5527102	28364213	2	2
CRUK0048_BR_T1-R2	chr4	28821161	48906556	2	2
CRUK0048_BR_T1-R2	chr4	52660118	56738148	2	2
CRUK0048_BR_T1-R2	chr4	56738887	100045716	2	2
CRUK0048_BR_T1-R2	chr4	100047812	100125420	2	2
CRUK0048_BR_T1-R2	chr4	100126147	135122340	2	2
CRUK0048_BR_T1-R2	chr4	138442265	144390423	2	2
CRUK0048_BR_T1-R2	chr4	144435197	144474295	2	2
CRUK0048_BR_T1-R2	chr4	144498768	178363355	2	2
CRUK0048_BR_T1-R2	chr4	178363378	184596003	2	2
CRUK0048_BR_T1-R2	chr4	184596290	190878661	2	2
CRUK0048_BR_T1-R2	chr5	140532	889095	3	1
CRUK0048_BR_T1-R2	chr5	889130	896725	5	2
CRUK0048_BR_T1-R2	chr5	896726	33649883	3	1
CRUK0048_BR_T1-R2	chr5	33936765	42565904	3	2
CRUK0048_BR_T1-R2	chr5	42565967	46405640	2	2
CRUK0048_BR_T1-R2	chr5	49405642	73339193	2	2
CRUK0048_BR_T1-R2	chr5	73930550	75621279	2	0
CRUK0048_BR_T1-R2	chr5	75699431	88215116	2	2
CRUK0048_BR_T1-R2	chr5	89312407	161580296	2	0
CRUK0048_BR_T1-R2	chr5	162868970	169468141	2	2
CRUK0048_BR_T1-R2	chr5	169482219	169810736	4	2
CRUK0048_BR_T1-R2	chr5	169810966	180687830	2	2
CRUK0048_BR_T1-R2	chr6	203397	1610851	4	1
CRUK0048_BR_T1-R2	chr6	1610887	25682283	4	1
CRUK0048_BR_T1-R2	chr6	25689267	25983905	4	1
CRUK0048_BR_T1-R2	chr6	26017708	26413714	4	1
CRUK0048_BR_T1-R2	chr6	33553455	41010938	4	1
CRUK0048_BR_T1-R2	chr6	41011309	41310775	4	1
CRUK0048_BR_T1-R2	chr6	41318424	42930600	4	1
CRUK0048_BR_T1-R2	chr6	42931105	43488836	4	1
CRUK0048_BR_T1-R2	chr6	43488889	43752503	4	1
CRUK0048_BR_T1-R2	chr6	43968412	46826646	4	1
CRUK0048_BR_T1-R2	chr6	46826715	47591983	4	1
CRUK0048_BR_T1-R2	chr6	47624239	56846774	4	1
CRUK0048_BR_T1-R2	chr6	57244665	57254803	3	2
CRUK0048_BR_T1-R2	chr6	65149185	73905177	2	1
CRUK0048_BR_T1-R2	chr6	74073460	74446268	1	1
CRUK0048_BR_T1-R2	chr6	74466299	83076031	1	1
CRUK0048_BR_T1-R2	chr6	83666927	88273970	1	1
CRUK0048_BR_T1-R2	chr6	88274000	88410955	1	1
CRUK0048_BR_T1-R2	chr6	88763648	116875149	1	1
CRUK0048_BR_T1-R2	chr6	117591619	117679105	1	1
CRUK0048_BR_T1-R2	chr6	117679249	131540966	1	1
CRUK0048_BR_T1-R2	chr6	131574195	135271275	1	1
CRUK0048_BR_T1-R2	chr6	135286293	139695061	1	1
CRUK0048_BR_T1-R2	chr6	141005059	143382110	1	1
CRUK0048_BR_T1-R2	chr6	143771821	152805937	2	1
CRUK0048_BR_T1-R2	chr6	152809527	161173962	2	1
CRUK0048_BR_T1-R2	chr6	161413211	163235351	2	0
CRUK0048_BR_T1-R2	chr6	163418400	170893697	2	1
CRUK0048_BR_T1-R2	chr7	193245	618855	2	1
CRUK0048_BR_T1-R2	chr7	624211	1192792	2	1
CRUK0048_BR_T1-R2	chr7	1195322	3205758	2	2
CRUK0048_BR_T1-R2	chr7	3205763	4056857	2	2
CRUK0048_BR_T1-R2	chr7	4056923	6456518	2	2
CRUK0048_BR_T1-R2	chr7	6470032	53104297	2	2
CRUK0048_BR_T1-R2	chr7	53930146	55560207	2	2
CRUK0048_BR_T1-R2	chr7	55565221	55832454	2	2
CRUK0048_BR_T1-R2	chr7	55832480	57529604	3	2
CRUK0048_BR_T1-R2	chr7	62910177	76071003	2	2
CRUK0048_BR_T1-R2	chr7	76111835	76751252	2	2
CRUK0048_BR_T1-R2	chr7	76866468	129079706	2	2
CRUK0048_BR_T1-R2	chr7	129079918	142334353	2	2
CRUK0048_BR_T1-R2	chr7	142334431	142480002	3	3
CRUK0048_BR_T1-R2	chr7	142493977	148463843	2	2
CRUK0048_BR_T1-R2	chr7	148463860	148947733	2	2
CRUK0048_BR_T1-R2	chr7	148947878	159025874	2	2
CRUK0048_BR_T1-R2	chr8	182785	29207845	2	0
CRUK0048_BR_T1-R2	chr8	29207872	43197438	1	0
CRUK0048_BR_T1-R2	chr8	47752730	61139427	2	1
CRUK0048_BR_T1-R2	chr8	61144740	62003593	1	1
CRUK0048_BR_T1-R2	chr8	62204757	73849870	2	1
CRUK0048_BR_T1-R2	chr8	73849987	75737733	2	1
CRUK0048_BR_T1-R2	chr8	80965472	120613814	2	1
CRUK0048_BR_T1-R2	chr8	120685355	121483224	1	0
CRUK0048_BR_T1-R2	chr8	121500381	124035861	4	1
CRUK0048_BR_T1-R2	chr8	124037107	128099418	6	1
CRUK0048_BR_T1-R2	chr8	128428823	131414095	8	1
CRUK0048_BR_T1-R2	chr8	131414257	133985050	4	1
CRUK0048_BR_T1-R2	chr8	133985059	139144766	6	1
CRUK0048_BR_T1-R2	chr8	139144777	146279571	4	1
CRUK0048_BR_T1-R2	chr9	154795	43816656	2	2
CRUK0048_BR_T1-R2	chr9	65602563	71998489	2	0
CRUK0048_BR_T1-R2	chr9	71998569	114366094	2	0
CRUK0048_BR_T1-R2	chr9	114371322	114825450	2	1
CRUK0048_BR_T1-R2	chr9	114865381	116153900	2	0
CRUK0048_BR_T1-R2	chr9	116155811	120474678	2	1
CRUK0048_BR_T1-R2	chr9	120474721	130487075	2	1
CRUK0048_BR_T1-R2	chr9	130488512	134735987	2	1
CRUK0048_BR_T1-R2	chr9	134736103	138679895	2	0
CRUK0048_BR_T1-R2	chr9	138679911	139231312	2	0
CRUK0048_BR_T1-R2	chr9	139231320	141070335	2	0
CRUK0048_BR_T1-R2	chr10	95074	26355862	2	1
CRUK0048_BR_T1-R2	chr10	26355872	26356067	2	1
CRUK0048_BR_T1-R2	chr10	26357721	32197773	2	1
CRUK0048_BR_T1-R2	chr10	32304591	32317327	2	1
CRUK0048_BR_T1-R2	chr10	32320002	39254934	2	1
CRUK0048_BR_T1-R2	chr10	43119123	45869910	2	1
CRUK0048_BR_T1-R2	chr10	45877899	85958920	2	1
CRUK0048_BR_T1-R2	chr10	85960265	86018398	2	1
CRUK0048_BR_T1-R2	chr10	86130899	123239221	2	1
CRUK0048_BR_T1-R2	chr10	123239751	123242967	2	1
CRUK0048_BR_T1-R2	chr10	123243197	135381927	2	1
CRUK0048_BR_T1-R2	chr11	193863	224219	2	0
CRUK0048_BR_T1-R2	chr11	230348	1096301	2	0
CRUK0048_BR_T1-R2	chr11	1096368	1575760	2	0
CRUK0048_BR_T1-R2	chr11	1576283	1651760	2	0
CRUK0048_BR_T1-R2	chr11	1718833	1950302	2	0
CRUK0048_BR_T1-R2	chr11	2016619	2017362	3	0
CRUK0048_BR_T1-R2	chr11	2017439	2018476	2	0
CRUK0048_BR_T1-R2	chr11	2018853	48328651	2	0
CRUK0048_BR_T1-R2	chr11	48346495	48997223	1	1
CRUK0048_BR_T1-R2	chr11	48997303	49401052	2	0
CRUK0048_BR_T1-R2	chr11	49597972	50003245	2	0
CRUK0048_BR_T1-R2	chr11	55136019	61907909	2	2
CRUK0048_BR_T1-R2	chr11	61908139	62037726	2	2
CRUK0048_BR_T1-R2	chr11	62038311	66324531	2	2
CRUK0048_BR_T1-R2	chr11	66324583	66329138	3	2
CRUK0048_BR_T1-R2	chr11	66329501	67020889	2	2
CRUK0048_BR_T1-R2	chr11	67020910	71259882	2	2
CRUK0048_BR_T1-R2	chr11	71259963	71627096	2	2
CRUK0048_BR_T1-R2	chr11	71627159	75111880	2	2
CRUK0048_BR_T1-R2	chr11	75112783	89371874	2	2
CRUK0048_BR_T1-R2	chr11	89372202	89431713	2	2
CRUK0048_BR_T1-R2	chr11	89451071	114401579	2	2
CRUK0048_BR_T1-R2	chr11	114401611	114441639	3	2
CRUK0048_BR_T1-R2	chr11	114441698	134856707	2	2
CRUK0048_BR_T1-R2	chr12	208351	6161611	2	2
CRUK0048_BR_T1-R2	chr12	6161792	6562588	2	2
CRUK0048_BR_T1-R2	chr12	6562652	6879278	2	2
CRUK0048_BR_T1-R2	chr12	6879279	34856693	2	2
CRUK0048_BR_T1-R2	chr12	37856695	40671994	2	2
CRUK0048_BR_T1-R2	chr12	40677650	51722479	2	2
CRUK0048_BR_T1-R2	chr12	51723468	52710539	2	2
CRUK0048_BR_T1-R2	chr12	52710607	52711590	2	2
CRUK0048_BR_T1-R2	chr12	52711624	62861135	2	2
CRUK0048_BR_T1-R2	chr12	62864417	80855853	2	2
CRUK0048_BR_T1-R2	chr12	80855856	117977781	2	2
CRUK0048_BR_T1-R2	chr12	117993064	133438274	2	2
CRUK0048_BR_T1-R2	chr12	133438277	133810949	2	2
CRUK0048_BR_T1-R2	chr13	19600440	25016677	3	0
CRUK0048_BR_T1-R2	chr13	25016687	53608623	3	0
CRUK0048_BR_T1-R2	chr13	60348312	111996602	3	0
CRUK0048_BR_T1-R2	chr13	112278246	114508032	1	0
CRUK0048_BR_T1-R2	chr13	114514690	115091783	3	0
CRUK0048_BR_T1-R2	chr14	20443649	22337119	2	2
CRUK0048_BR_T1-R2	chr14	22520692	22992694	2	2
CRUK0048_BR_T1-R2	chr14	22998563	53124734	2	2
CRUK0048_BR_T1-R2	chr14	56078958	71543089	2	0
CRUK0048_BR_T1-R2	chr14	71555172	107283126	2	1
CRUK0048_BR_T1-R2	chr15	20169972	42145904	2	1
CRUK0048_BR_T1-R2	chr15	42145936	42291711	2	1
CRUK0048_BR_T1-R2	chr15	42298153	42374031	2	1
CRUK0048_BR_T1-R2	chr15	42374448	42442910	2	1
CRUK0048_BR_T1-R2	chr15	42442999	42579949	2	1
CRUK0048_BR_T1-R2	chr15	42579984	84771649	2	1
CRUK0048_BR_T1-R2	chr15	84773393	90796704	2	1
CRUK0048_BR_T1-R2	chr15	90798953	102389791	2	1
CRUK0048_BR_T1-R2	chr16	97409	227187	3	2
CRUK0048_BR_T1-R2	chr16	323016	2003988	2	2
CRUK0048_BR_T1-R2	chr16	2004002	2161137	2	2
CRUK0048_BR_T1-R2	chr16	2161150	2986323	2	2
CRUK0048_BR_T1-R2	chr16	2986431	3166382	2	2
CRUK0048_BR_T1-R2	chr16	3166467	34682405	2	2
CRUK0048_BR_T1-R2	chr16	46508175	75688334	2	2
CRUK0048_BR_T1-R2	chr16	75690064	81891998	2	2
CRUK0048_BR_T1-R2	chr16	81892708	84531746	2	2
CRUK0048_BR_T1-R2	chr16	84623864	88809480	2	2
CRUK0048_BR_T1-R2	chr16	88809686	88872631	2	2
CRUK0048_BR_T1-R2	chr16	88872794	89180902	2	2
CRUK0048_BR_T1-R2	chr16	89187204	89598407	2	2
CRUK0048_BR_T1-R2	chr16	89598896	89927224	2	2
CRUK0048_BR_T1-R2	chr16	89927265	90161262	2	2
CRUK0048_BR_T1-R2	chr17	5953	8065048	2	1
CRUK0048_BR_T1-R2	chr17	8065559	8076967	1	1
CRUK0048_BR_T1-R2	chr17	8077542	8707534	2	1
CRUK0048_BR_T1-R2	chr17	8736330	10633269	2	2
CRUK0048_BR_T1-R2	chr17	11144826	11827369	2	0
CRUK0048_BR_T1-R2	chr17	11833159	15668720	2	0
CRUK0048_BR_T1-R2	chr17	15668775	21147561	2	0
CRUK0048_BR_T1-R2	chr17	21201719	21319110	1	1
CRUK0048_BR_T1-R2	chr17	25620868	39155813	2	2
CRUK0048_BR_T1-R2	chr17	39155882	39240887	2	2
CRUK0048_BR_T1-R2	chr17	39240948	72939510	2	2
CRUK0048_BR_T1-R2	chr17	72939592	81083520	2	2
CRUK0048_BR_T1-R2	chr18	158494	15004191	2	1
CRUK0048_BR_T1-R2	chr18	18650470	57136902	2	0
CRUK0048_BR_T1-R2	chr18	57147351	77960841	2	0
CRUK0048_BR_T1-R2	chr19	281376	731078	2	0
CRUK0048_BR_T1-R2	chr19	731144	1622477	2	0
CRUK0048_BR_T1-R2	chr19	1623882	2917613	2	0
CRUK0048_BR_T1-R2	chr19	2917798	3762698	2	0
CRUK0048_BR_T1-R2	chr19	3762705	3831476	2	0
CRUK0048_BR_T1-R2	chr19	3831525	5892434	2	0
CRUK0048_BR_T1-R2	chr19	5892461	9033816	2	0
CRUK0048_BR_T1-R2	chr19	9037991	10080141	2	0
CRUK0048_BR_T1-R2	chr19	10080210	10203476	2	0
CRUK0048_BR_T1-R2	chr19	10204034	11242011	2	0
CRUK0048_BR_T1-R2	chr19	11411868	11475282	1	0
CRUK0048_BR_T1-R2	chr19	11526765	12541035	2	0
CRUK0048_BR_T1-R2	chr19	12541191	12551674	3	0
CRUK0048_BR_T1-R2	chr19	12551703	15083597	2	0
CRUK0048_BR_T1-R2	chr19	15083645	16344979	2	0
CRUK0048_BR_T1-R2	chr19	16345075	19869119	2	0
CRUK0048_BR_T1-R2	chr19	19905376	21129250	2	0
CRUK0048_BR_T1-R2	chr19	21131560	21326416	3	0
CRUK0048_BR_T1-R2	chr19	21349311	24345141	2	1
CRUK0048_BR_T1-R2	chr19	29567046	46270317	2	1
CRUK0048_BR_T1-R2	chr19	46271500	48250125	2	1
CRUK0048_BR_T1-R2	chr19	48250197	48259278	2	1
CRUK0048_BR_T1-R2	chr19	48374635	59083902	2	1
CRUK0048_BR_T1-R2	chr20	68264	17492556	2	2
CRUK0048_BR_T1-R2	chr20	17492755	18506616	2	2
CRUK0048_BR_T1-R2	chr20	18507066	26369568	2	2
CRUK0048_BR_T1-R2	chr20	29369570	56826020	2	2
CRUK0048_BR_T1-R2	chr20	56826158	61640656	2	2
CRUK0048_BR_T1-R2	chr20	61711484	61881438	2	2
CRUK0048_BR_T1-R2	chr20	61885459	62959363	2	2
CRUK0048_BR_T1-R2	chr21	14288130	45951453	2	2
CRUK0048_BR_T1-R2	chr21	45999835	46074197	2	2
CRUK0048_BR_T1-R2	chr21	46074202	46117826	2	2
CRUK0048_BR_T1-R2	chr21	46131296	48084340	2	2
CRUK0048_BR_T1-R2	chr22	17052949	33327522	2	1
CRUK0048_BR_T1-R2	chr22	33376632	40425625	2	1
CRUK0048_BR_T1-R2	chr22	40521725	40759172	1	1
CRUK0048_BR_T1-R2	chr22	40798064	51219216	2	1
